No,pestiKorName,regCpntQnty,pestiBrandName,compName,useName,indictSymbl,cropName,diseaseWeedName,pestiUse,dilutUnit,useSuittime,useNum
1,아족시스트로빈.테부코나졸 액상수화제,Azoxystrobin-7.2Tebuconazole-14.8,와이카두,(유)로탐라이프사이언스코리아,살균제,다3+사1,사과,탄저병,6월 상순부터 10일간격  경엽처리,"1,500배",수확 21일 전까지,4회 이내
2,카벤다짐.테부코나졸 액상수화제,Carbendazim-12.5Tebuconazole-12.5,탄탄,(유)로탐라이프사이언스코리아,살균제,나1+사1,사과,탄저병,6월상순부터 10일간격 경엽처리,"1,000배",수확 21일 전까지,3회 이내
3,디티아논 수화제,dithianon-75,경농디치,(주)경농,살균제,카,사과,탄저병,6월상순부터 9월상순까지 10일간격 경엽처리,800배,수확 21일 전까지,5회 이내
4,디티아논 액상수화제,dithianon-43,델란,(주)경농,살균제,카,사과,탄저병,6월 하순부터 10일간격 경엽처리,"1,000배",수확 28일 전까지,4회 이내
5,디티아논.플룩사피록사드 액상수화제,Dithianon-25fluxapyroxad-3,뉴페이스,(주)경농,살균제,카+다2,사과,탄저병,6월상순부터 10일간격 경엽처리,"1,000배",수확 21일 전까지,4회 이내
6,디페노코나졸.이미녹타딘트리아세테이트 미탁제,difenoconazole-3iminoctadine triacetate-15,삼진왕,(주)경농,살균제,사1+카,사과,탄저병,6월상순부터 10일간격 경엽처리,"1,000배",수확 21일 전까지,5회 이내
7,디페노코나졸.테부코나졸 액상수화제,difenoconazole-6tebuconazole-15,메가킹,(주)경농,살균제,사1+사1,사과,탄저병,6월상순부터 10일간격 경엽처리,"2,000배",수확 21일 전까지,5회 이내
8,디페노코나졸.피라클로스트로빈 액상수화제,Difenoconazole-4Pyraclostrobin-8,다놀라,(주)경농,살균제,사1+다3,사과,탄저병,6월상순부터 10일간격 경엽처리,"2,000배",수확 21일 전까지,3회 이내
9,만코제브 수화제,mancozeb-75,다이센엠-45,(주)경농,살균제,카,사과,탄저병,6월 상순부터 10일간격 경엽처리,600배,수확 30일 전까지,5회 이내
10,베노밀 수화제,benomyl-50,다코스,(주)경농,살균제,나1,사과,탄저병,6월 하순부터 9월 상순까지 10일간격 경엽처리,"1,500배",수확 10일 전까지,3회 이내
11,보스칼리드.피라클로스트로빈 액상수화제,boscalid-13.6pyraclostrobin-8,벨리스에스,(주)경농,살균제,다2+다3,사과,탄저병,6월상순부터 10일간격 경엽처리,"2,000배",수확 30일 전까지,5회 이내
12,보스칼리드.피라클로스트로빈 입상수화제,boscalid-13.6pyraclostrobin-6.8,벨리스플러스,(주)경농,살균제,다2+다3,사과,탄저병,6월상순부터 10일간격 경엽처리,"2,000배",수확 30일 전까지,5회 이내
13,아이소페타미드.테부코나졸 액상수화제,Isofetamid-15Tebuconazole-6,쾌지나,(주)경농,살균제,다2+사1,사과,탄저병,6월 상순부터 10일간격 경엽처리,"1,000배",수확 21일 전까지,3회 이내
14,옥신코퍼 수화제,oxine-copper-50,경농옥시동,(주)경농,살균제,카,사과,탄저병,6월하순부터 9월상순까지 10일 간격 경엽처리,500배,수확 7일 전까지,5회 이내
15,이미녹타딘트리스알베실레이트 수화제,iminoctadine tris(albesilate)-40,벨쿠트,(주)경농,살균제,카,사과,탄저병,6월상순부터 10일간격 경엽처리,"1,000배",수확 14일 전까지,5회 이내
16,이미녹타딘트리아세테이트.펜티오피라드 액상수화제,Iminoctadine triacetate-17.5penthiopyrad-3,미사일,(주)경농,살균제,카+다2,사과,탄저병,6월상순부터 10일간격 경엽처리,"1,000배",수확 14일 전까지,4회 이내
17,카벤다짐 수화제,carbendazim-60,해마지,(주)경농,살균제,나1,사과,탄저병,꽃이 진후 10일경부터(6월 상순부터 9월 상순) 경엽처리,"1,000배",수확 15일 전까지,3회 이내
18,캡탄 수화제,captan-50,경농캪탄,(주)경농,살균제,카,사과,탄저병,발병초부터 10일 간격 경엽처리,500배,수확 21일 전까지,4회 이내
19,클로로탈로닐 수화제,chlorothalonil-75,다코닐,(주)경농,살균제,카,사과,탄저병,6월상순부터 10일간격 경엽처리,800배,수확 30일 전까지,5회 이내
20,클로로탈로닐.만코제브 수화제,chlorothalonil-40mancozeb-35,코다이,(주)경농,살균제,카+카,사과,탄저병,6월상순부터 10일간격 경엽처리,700배,수확 30일 전까지,4회 이내
21,클로로탈로닐.옥신코퍼 수화제,chlorothalonil-40oxine-copper-20,한아름,(주)경농,살균제,카+카,사과,탄저병,6월중순부터 9월상순까지 10일간격 경엽처리,500배,수확 30일 전까지,3회 이내
22,트리플록시스트로빈 액상수화제,Trifloxystrobin-22,작사,(주)경농,살균제,다3,사과,탄저병,6월 상순부터 10일간격 경엽처리,"2,000배",수확 21일전,5회 이내
23,티오파네이트메틸 수화제,thiophanate-methyl-70,톱신엠,(주)경농,살균제,나1,사과,탄저병,꽃이진후 10일경부터 10일간격 경엽처리,"1,000배",수확 21일 전까지,5회 이내
24,티오파네이트메틸.트리플루미졸 수화제,thiophanate-methyl-45triflumizole-15,모도우리,(주)경농,살균제,나1+사1,사과,탄저병,6월상순부터 10일간격 경엽처리,"1,000배",수확 14일 전까지,4회 이내
25,펜티오피라드.테부코나졸 액상수화제,Penthiopyrad-5Tebuconazole-6.5,엠불런스,(주)경농,살균제,다2+사1,사과,탄저병,6월상순부터 10일간격 경엽처리,"1,000배",수확 21일 전까지,3회 이내
26,펜헥사미드.테부코나졸 액상수화제,fenhexamid-30.5tebuconazole-5.8,타이브랙,(주)경농,살균제,사3+사1,사과,탄저병,6월 상순부터 10일간격 경엽처리,"1,500배",수확 21일 전까지,5회 이내
27,플루아지남 수화제,Fluazinam-50,프로파티,(주)경농,살균제,다5,사과,탄저병,6월하순부터 10일간격 경엽처리,"2,000배",수확 45일 전까지,5회 이내
28,디티아논 입상수화제,Dithianon-44,델란,(주)농협케미컬,살균제,카,사과,탄저병,6월상순부터 10일간격 경엽처리,"1,000배",수확 21일 전까지,4회 이내
29,디티아논 입상수화제,dithianon-66,델란,(주)농협케미컬,살균제,카,사과,탄저병,6월상순부터 10일간격 경엽처리,"1,500배",수확 20일 전까지,4회 이내
30,만코제브 수화제,mancozeb-75,아리만코지,(주)농협케미컬,살균제,카,사과,탄저병,6월 상순부터 10일간격  경엽처리,600배,수확 30일 전까지,5회 이내
31,메펜트리플루코나졸.피라클로스트로빈 액상수화제,Mefentrifluconazole-5Pyraclostrobin-9,멜리아,(주)농협케미컬,살균제,+다3,사과,탄저병,6월상순부터 10일간격 경엽처리,"2,000배",수확 14일 전까지,3회 이내
32,베노밀 수화제,benomyl-50,아리베노밀,(주)농협케미컬,살균제,나1,사과,탄저병,6월 상순부터 9월 중순 10일간격 경엽처리,"1,500배",수확 10일 전까지,3회 이내
33,옥신코퍼 수화제,oxine-copper-50,영일옥시동,(주)농협케미컬,살균제,카,사과,탄저병,6월하순부터 9월상순까지 10일간격 경엽처리,500배,수확 7일 전까지,5회 이내
34,이프로디온.프로클로라즈망가니즈 수화제,Iprodione-15Prochloraz manganese-20,로브곤,(주)농협케미컬,살균제,마3+사1,사과,탄저병,6월 상순부터 10일간격 경엽처리,"1,000배",수확 21일 전까지,3회 이내
35,카벤다짐 수화제,carbendazim-60,영일가벤다,(주)농협케미컬,살균제,나1,사과,탄저병,꽃이 진후 10일경부터(6월 상순부터 9월 상순) 경엽처리,"1,000배",수확 15일 전까지,3회 이내
36,캡탄 수화제,captan-50,영일캪탄,(주)농협케미컬,살균제,카,사과,탄저병,발병초부터 10일 간격 경엽처리,500배,수확 21일 전까지,4회 이내
37,캡탄.트리플록시스트로빈 입상수화제,Captan-40Trifloxystrobin-8,캡틴에이,(주)농협케미컬,살균제,카+다3,사과,탄저병,6월 상순부터 10일간격 경엽처리,"1,000배",수확 21일 전까지,3회 이내
38,크레속심메틸 액상수화제,Kresoxim-methyl-44.2,스트로비,(주)농협케미컬,살균제,다3,사과,탄저병,6월 상순부터 10일간격  경엽처리,"3,000배",수확 21일 전까지,3회 이내
39,크레속심메틸 액상수화제,kresoxim-methyl-44.2,스트로비,(주)농협케미컬,살균제,다3,사과,탄저병,6월 상순부터 10일간격  경엽처리,"3,000배",수확 21일 전까지,3회 이내
40,클로로탈로닐 수화제,chlorothalonil-75,아리타로닐,(주)농협케미컬,살균제,카,사과,탄저병,6월상순부터 10일간격 경엽처리,800배,수확 30일 전까지,5회 이내
41,클로로탈로닐.디페노코나졸 액상수화제,chlorothalonil-20difenoconazole-4,단단,(주)농협케미컬,살균제,카+사1,사과,탄저병,6월상순부터 10일간격 경엽처리,"1,000배",수확 21일 전까지,5회 이내
42,클로로탈로닐.크레속심메틸 액상수화제,chlorothalonil-35kresoxim-methyl-7,경탄,(주)농협케미컬,살균제,카+다3,사과,탄저병,6월상순부터 10일간격 경엽처리,"1,000배",수확 30일 전까지,4회 이내
43,테부코나졸 유탁제,Tebuconazole-25,선가드,(주)농협케미컬,살균제,사1,사과,탄저병,6월상순부터 10일간격 경엽처리,"2,000배",수확 21일 전까지,4회 이내
44,테부코나졸.티오파네이트메틸 액상수화제,tebuconazole-17thiophanate-methyl-10,치프너,(주)농협케미컬,살균제,사1+나1,사과,탄저병,6월상순부터 10일간격 경엽처리,"2,000배",수확 21일 전까지,3회 이내
45,티오파네이트메틸 수화제,thiophanate-methyl-70,아리지오판,(주)농협케미컬,살균제,나1,사과,탄저병,꽃이진후 10일경부터 10일 간격 경엽처리,"1,000배",수확 21일 전까지,5회 이내
46,프로피네브 수화제,propineb-70,새론,(주)농협케미컬,살균제,카,사과,탄저병,6월 상순부터 9월 상순까지 10일간격 경엽처리,600배,수확 7일 전까지,5회 이내
47,프로피코나졸.테부코나졸 유현탁제,propiconazole-10tebuconazole-12,영일베스트,(주)농협케미컬,살균제,사1+사1,사과,탄저병,6월 상순부터 10일간격 경엽처리,"2,000배",수확 14일 전까지,5회 이내
48,플루아지남 액상수화제,Fluazinam-50,우람,(주)농협케미컬,살균제,다5,사과,탄저병,6월상순부터 10일간격 경엽처리,"2,500배",수확 45일 전까지,5회 이내
49,플루아지남.피라클로스트로빈 액상수화제,Fluazinam-35Pyraclostrobin-8,힐링샷,(주)농협케미컬,살균제,다5+다3,사과,탄저병,6월 상순부터 10일간격 경엽처리,"2,000배",수확 21일 전까지,3회 이내
50,플루트리아폴 액상수화제,Flutriafol-20,클라웃,(주)농협케미컬,살균제,사1,사과,탄저병,6월상순부터 10일간격 경엽처리,"1,000배",수확 14일 전까지,3회 이내
51,피라클로스트로빈 입상수화제,Pyraclostrobin-20,카브리오에이,(주)농협케미컬,살균제,다3,사과,탄저병,6월상순부터 10일간격 경엽처리,"3,000배",수확 20일 전까지,5회 이내
52,피라클로스트로빈 입상수화제,pyraclostrobin-20,카브리오에이,(주)농협케미컬,살균제,다3,사과,탄저병,6월상순부터 10일간격 경엽처리,"3,000배",수확 20일 전까지,5회 이내
53,피리벤카브.테부코나졸 액상수화제,Pyribencarb-10Tebuconazole-15,티업시,(주)농협케미컬,살균제,다3+사1,사과,탄저병,6월 상순부터 10일간격 경엽처리,"2,000배",수확 21일 전까지,3회 이내
54,피라클로스트로빈 입상수화제,Pyraclostrobin-20,더블잽,(주)다보인터내셔널,살균제,다3,사과,탄저병,6월상순부터 10일간격 경엽처리,"3,000배",수확 20일 전까지,5회 이내
55,만코제브 수화제,mancozeb-75,다이 젠엔,(주)대유,살균제,카,사과,탄저병,6월 상순부터 10일간격 경엽처리,600배,수확 30일 전까지,5회 이내
56,베노밀 수화제,benomyl-50,베노레이트,(주)대유,살균제,나1,사과,탄저병,6월 상순부터 9월 중순 10일간격 경엽처리,"1,500배",수확 10일 전까지,3회 이내
57,아족시스트로빈 수화제,Azoxystrobin-10,탄저.역병뚝,(주)대유,살균제,다3,사과,탄저병,6월 중순부터 10일간격 경엽처리,"1,000배",수확 14일 전까지,5회 이내
58,테부코나졸 수화제,Tebuconazole-25,균어택,(주)대유,살균제,사1,사과,탄저병,6월하순부터 10일간격 경엽처리,"1,000배",수확 21일 전까지,3회 이내
59,티오파네이트메틸 수화제,thiophanate-methyl-70,치호톱,(주)대유,살균제,나1,사과,탄저병,꽃이진후 10일경부터 10일간격 경엽처리,"1,000배",수확 21일 전까지,5회 이내
60,디티아논 수화제,dithianon-75,델란 ,(주)동방아그로,살균제,카,사과,탄저병,6월 상순부터 9월상순까지 10일간격 경엽처리,800배,수확 21일 전까지,5회 이내
61,디티아논.메트코나졸 입상수화제,dithianon-30metconazole-5,리스펙트,(주)동방아그로,살균제,카+사1,사과,탄저병,6월상순부터 10일간격 경엽처리,"1,500배",수확 14일 전까지,4회 이내
62,만코제브 수화제,mancozeb-75,동방만코지,(주)동방아그로,살균제,카,사과,탄저병,6월 상순부터 10일간격 경엽처리,600배,수확 30일 전까지,5회 이내
63,메트코나졸 액상수화제,metconazole-20,살림꾼,(주)동방아그로,살균제,사1,사과,탄저병,6월상순부터 10일간격 경엽처리,"3,000배",수확 14일 전까지,5회 이내
64,메트코나졸 입상수화제,metconazole-20,살림꾼,(주)동방아그로,살균제,사1,사과,탄저병,6월 상순부터 10일간격 경엽처리,"3,000배",수확 14일 전까지,4회 이내
65,메트코나졸.티오파네이트메틸 입상수화제,metconazole-6thiophanate-methyl-50,대몽,(주)동방아그로,살균제,사1+나1,사과,탄저병,6월 상순부터 10일간격 경엽처리,"1,000배",수확 14일 전까지,4회 이내
66,메트코나졸.피라클로스트로빈 액상수화제,Metconazole-8Pyraclostrobin-9,일등탄,(주)동방아그로,살균제,사1+다3,사과,탄저병,6월상순부터 10일간격 경엽처리,"2,000배",수확 21일 전까지,3회 이내
67,베노밀 수화제,benomyl-50,동방베노밀,(주)동방아그로,살균제,나1,사과,탄저병,6월 상순부터 9월 중순 10일간격 경엽처리,"1,500배",수확 10일 전까지,3회 이내
68,시메코나졸 수화제,simeconazole-20,디펜더,(주)동방아그로,살균제,사1,사과,탄저병,6월상순부터 10일간격 경엽처리,"2,000배",수확 14일 전까지,4회 이내
69,이미녹타딘트리스알베실레이트 액상수화제,iminoctadine tris(albesilate)-30,탈렌트,(주)동방아그로,살균제,카,사과,탄저병,6월상순부터 10일간격  경엽처리,"1,000배",수확 21일 전까지,5회 이내
70,이미녹타딘트리스알베실레이트.티람 수화제,iminoctadine tris(albesilate)-20thiram-48,참조네,(주)동방아그로,살균제,카+카,사과,탄저병,6월 상순부터 10일간격 경엽처리,"1,000배",수확 14일 전까지,5회 이내
71,이미녹타딘트리스알베실레이트.티오파네이트메틸 수화제,iminoctadine tris(albesilate)-20thiophanate-methyl-40,신기타,(주)동방아그로,살균제,카+나1,사과,탄저병,6월상순부터 10일간격 경엽처리,"1,000배",수확 14일 전까지,4회 이내
72,이미녹타딘트리아세테이트 액제,iminoctadine triacetate-25,베푸란,(주)동방아그로,살균제,카,사과,탄저병,6월상순부터 10일간격 경엽처리,"1,000배",수확 30일 전까지,5회 이내
73,이프로디온.트리플록시스트로빈 입상수화제,iprodione-30trifloxystrobin-8,찬찬,(주)동방아그로,살균제,마3+다3,사과,탄저병,6월상순부터 10일간격 경엽처리,"1,000배",수확 14일 전까지,4회 이내
74,카벤다짐 수화제,carbendazim-60,동방가벤다,(주)동방아그로,살균제,나1,사과,탄저병,꽃이 진후 10일경부터(6월 상순부터 9월 상순) 경엽처리,"1,000배",수확 15일 전까지,3회 이내
75,카벤다짐.크레속심메틸 수화제,carbendazim-40kresoxim-methyl-20,탄제로,(주)동방아그로,살균제,나1+다3,사과,탄저병,6월중순부터 10일간격 경엽처리,"1,500배",수확 30일 전까지,3회 이내
76,크레속심메틸.메트코나졸 입상수화제,kresoxim-methyl-20metconazole-10,혜성,(주)동방아그로,살균제,다3+사1,사과,탄저병,6월상순부터 10일간격 경엽처리,"2,000배",수확 14일 전까지,4회 이내
77,클로로탈로닐.피라클로스트로빈 액상수화제,Chlorothalonil-25Pyraclostrobin-8,탄저왕,(주)동방아그로,살균제,카+다3,사과,탄저병,6월상순부터 10일간격 경엽처리,"1,500배",수확 21일 전까지,3회 이내
78,티오파네이트메틸 수화제,thiophanate-methyl-70,동방지오판,(주)동방아그로,살균제,나1,사과,탄저병,꽃이진후 10일경부터 10일간격 경엽처리,"1,000배",수확 21일 전까지,5회 이내
79,티오파네이트메틸.트리플루미졸 수화제,thiophanate-methyl-45triflumizole-15,굳타임,(주)동방아그로,살균제,나1+사1,사과,탄저병,6월상순부터 10일간격 경엽처리,"1,000배",수확 14일 전까지,4회 이내
80,프로피네브 수화제,propineb-70,균피아,(주)동방아그로,살균제,카,사과,탄저병,6월 상순부터 9월상순까지 10일간격 경엽처리,600배,수확 7일 전까지,5회 이내
81,피라클로스트로빈 입상수화제,Pyraclostrobin-20,쾌청탄,(주)새한농,살균제,다3,사과,탄저병,6월상순부터 10일간격 경엽처리,"3,000배",수확 20일 전까지,5회 이내
82,아족시스트로빈 수화제,Azoxystrobin-10,균메카,(주)신농팜케미컬,살균제,다3,사과,탄저병,6월 중순부터 10일간격 경엽처리,"1,000배",수확 14일 전까지,5회 이내
83,카벤다짐.트리플록시스트로빈 입상수화제,Carbendazim-6Trifloxystrobin-50,일급탄,(주)신농팜케미컬,살균제,나1+다3,사과,탄저병,6월상순부터 10일간격 경엽처리,"4,000배",수확 14일전,3회 이내
84,카벤다짐.트리플록시스트로빈 입상수화제,Carbendazim-6Trifloxystrobin-50,일급탄,(주)신농팜케미컬,살균제,나1+다3,사과,탄저병,6월상순부터 10일간격  경엽처리,"4,000배",수확 14일 전까지,3회 이내
85,클로로탈로닐 수화제,Chlorothalonil-75,하이타로닐,(주)신농팜케미컬,살균제,카,사과,탄저병,6월상순부터 10일간격 경엽처리,800배,수확 30일 전까지,5회 이내
86,티오파네이트메틸 수화제,Thiophanate-methyl-70,하이지오판,(주)신농팜케미컬,살균제,나1,사과,탄저병,꽃이진후 10일경부터 10일 간격 경엽처리,"1,000배",수확 21일 전까지,5회 이내
87,플루아지남 수화제,Fluazinam-50,후론스타,(주)신농팜케미컬,살균제,다5,사과,탄저병,6월하순부터 10일간격 경엽처리,"2,000배",수확 45일 전까지,5회 이내
88,피라클로스트로빈 입상수화제,Pyraclostrobin-20,골드마스터,(주)신농팜케미컬,살균제,다3,사과,탄저병,6월상순부터 10일간격 경엽처리,"3,000배",수확 20일 전까지,5회 이내
89,피라클로스트로빈 입상수화제,Pyraclostrobin-20,금탄,(주)신농팜케미컬,살균제,다3,사과,탄저병,6월상순부터 10일간격 경엽처리,"3,000배",수확 20일 전까지,5회 이내
90,피라클로스트로빈 입상수화제,Pyraclostrobin-20,가우스,(주)신영아그로,살균제,다3,사과,탄저병,6월상순부터 10일간격 경엽처리,"3,000배",수확 20일 전까지,5회 이내
91,베노밀 수화제,benomyl-50,사일런트,(주)유일,살균제,나1,사과,탄저병,6월 상순부터 9월 중순 10일간격 경엽처리,"1,500배",수확 10일 전까지,3회 이내
92,카벤다짐 수화제,carbendazim-60,샤크,(주)유일,살균제,나1,사과,탄저병,꽃이 진후 10일경부터(6월 상순부터 9월 상순) 경엽처리,"1,000배",수확 15일 전까지,3회 이내
93,테부코나졸 수화제,Tebuconazole-25,탄부탄,(주)유일,살균제,사1,사과,탄저병,6월하순부터 10일간격 경엽처리,"1,000배",수확 21일 전까지,3회 이내
94,헥사코나졸.테부코나졸 유제,Hexaconazole-1.5Tebuconazole-25,더블코나졸,(주)유일,살균제,사1+사1,사과,탄저병,6월상순부터 10일간격 경엽처리,"1,500배",수확 21일전,4회 이내
95,클로로탈로닐.테부코나졸 수화제,Chlorothalonil-27Tebuconazole-23,리치원,(주)유피엘리미티드코리아,살균제,카+사1,사과,탄저병,6월상순부터 10일간격 경엽처리,"1,000배",수확 30일 전까지,3회 이내
96,베노밀 수화제,Benomyl-50,베노밀,(주)천지인바이오텍,살균제,나1,사과,탄저병,6월 상순부터 9월 중순 10일간격 경엽처리,"1,500배",수확 10일 전까지,3회 이내
97,클로로탈로닐 수화제,Chlorothalonil-75,가이온,(주)천지인바이오텍,살균제,카,사과,탄저병,6월상순부터 10일간격 경엽처리,800배,수확 30일 전까지,5회 이내
98,티오파네이트메틸 수화제,Thiophanate-methyl-70,지오판,(주)천지인바이오텍,살균제,나1,사과,탄저병,꽃이진후 10일경부터 10일간격 경엽처리,"1,000배",수확 21일 전까지,5회 이내
99,피라클로스트로빈 입상수화제,Pyraclostrobin-20,사일러스,(주)천지인바이오텍,살균제,다3,사과,탄저병,6월상순부터 10일간격 경엽처리,"3,000배",수확 20일 전까지,5회 이내
100,디티아논 입상수화제,Dithianon-66,디치원,(주)케이씨생명과학,살균제,카,사과,탄저병,6월상순부터 10일간격 경엽처리,"1,500배",수확 20일 전까지,4회 이내
101,베노밀 수화제,Benomyl-50,하이베노밀,(주)케이씨생명과학,살균제,나1,사과,탄저병,6월 상순부터 9월 중순 10일간격 경엽처리,"1,500배",수확 10일 전까지,3회 이내
102,아족시스트로빈 수화제,Azoxystrobin-10,균메카,(주)케이씨생명과학,살균제,다3,사과,탄저병,6월 중순부터 10일간격 경엽처리,"1,000배",수확 14일 전까지,5회 이내
103,카벤다짐.트리플록시스트로빈 입상수화제,Carbendazim-6Trifloxystrobin-50,일급탄,(주)케이씨생명과학,살균제,나1+다3,사과,탄저병,6월상순부터 10일간격 경엽처리,"4,000배",수확 14일 전까지,3회 이내
104,캡탄 수화제,Captan-50,하이캡탄,(주)케이씨생명과학,살균제,카,사과,탄저병,발병초부터 10일 간격 경엽처리,500배,수확 21일 전까지,4회 이내
105,테부코나졸 수화제,Tebuconazole-25,테부칸,(주)케이씨생명과학,살균제,사1,사과,탄저병,6월하순부터 10일간격 경엽처리,"1,000배 ",수확 21일 전까지,3회 이내
106,플루아지남 수화제,Fluazinam-50,후론스타,(주)케이씨생명과학,살균제,다5,사과,탄저병,6월하순부터 10일간격 경엽처리,"2,000배",수확 45일 전까지,5회 이내
107,피라클로스트로빈 입상수화제,Pyraclostrobin-20,골드마스터,(주)케이씨생명과학,살균제,다3,사과,탄저병,6월상순부터 10일간격 경엽처리,"3,000배",수확 20일 전까지,5회 이내 
108,아족시스트로빈 미탁제,Azoxystrobin-10,하데스,(주)태준아그로텍,살균제,다3,사과,탄저병,6월상순부터 10일간격  경엽처리,"1,000배",수확 14일 전까지,5회 이내
109,크레속심메틸 입상수화제,Kresoxim-methyl-47,마루치,(주)태준아그로텍,살균제,다3,사과,탄저병,6월상순부터 10일간격 경엽처리,"2,000배",수확 14일 전까지,4회 이내
110,플루아지남 입상수화제,fluazinam-50,오피러스,(주)태준아그로텍,살균제,다5,사과,탄저병,6월상순부터 10일간격  경엽처리,"2,000배",수확 30일 전까지,3회 이내
111,피라클로스트로빈 유제,Pyraclostrobin-22.9,카네기,(주)태준아그로텍,살균제,다3,사과,탄저병,6월상순부터 10일간격 경엽처리,"4,000배",수확 21일전,4회 이내
112,디티아논 수화제,dithianon-75,팜한농디치,(주)팜한농,살균제,카,사과,탄저병,6월 상순부터 9월상순까지 10일간격 경엽처리,800배,수확 21일 전까지,5회 이내
113,디티아논.피라클로스트로빈 유현탁제,dithianon-24pyraclostrobin-8,매카니,(주)팜한농,살균제,카+다3,사과,탄저병,6월상순부터 10일간격 경엽처리,"2,000배",수확 21일 전까지,4회 이내
114,디티아논.피라클로스트로빈 입상수화제,dithianon-12pyraclostrobin-4,매카니,(주)팜한농,살균제,카+다3,사과,탄저병,6월상순부터 10일간격 경엽처리,"1,000배",수확 20일 전까지,5회 이내
115,디페노코나졸.플루아지남 수화제,difenoconazole-7fluazinam-40,바이블,(주)팜한농,살균제,사1+다5,사과,탄저병,6월상순부터 10일간격 경엽처리,"2,000배",수확 30일 전까지,4회 이내
116,만데스트로빈 액상수화제,mandestrobin-40,만데스,(주)팜한농,살균제,다3,사과,탄저병,6월 상순부터 10일간격 경엽처리,"2,000배",수확 21일 전까지,4회 이내
117,만코제브 수화제,mancozeb-75,다이센엠45,(주)팜한농,살균제,카,사과,탄저병,6월 상순부터 10일간격 경엽처리,600배,수확 30일 전까지,5회 이내
118,베노밀 수화제,benomyl-50,팜한농베노밀,(주)팜한농,살균제,나1,사과,탄저병,6월 상순부터 9월 중순 10일간격 경엽처리,"1,500배",수확 10일 전까지,3회 이내
119,아족시스트로빈 수화제,azoxystrobin-10,센세이션,(주)팜한농,살균제,다3,사과,탄저병,6월 중순부터 10일간격 경엽처리,"1,000배",수확 14일 전까지,5회 이내
120,아족시스트로빈.디페노코나졸 입상수화제,Azoxystrobin-12Difenoconazole-6,길쌈,(주)팜한농,살균제,다3+사1,사과,탄저병,6월 상순부터 10일간격 경엽처리,"2,000배",수확 14일 전까지,4회 이내
121,아족시스트로빈.티오파네이트메틸 액상수화제,Azoxystrobin-15thiophanate-methyl-10,백작,(주)팜한농,살균제,다3+나1,사과,탄저병,6월상순부터 10일간격 경엽처리,"2,000배",수확 21일 전까지,5회 이내
122,옥신코퍼 수화제,oxine-copper-50,팜한농옥시동,(주)팜한농,살균제,카,사과,탄저병,6월하순부터 9월상순까지 10일간격 경엽처리,500배,수확 7일 전까지,5회 이내
123,이미녹타딘트리스알베실레이트 액상수화제,iminoctadine tris(albesilate)-30,부티나,(주)팜한농,살균제,카,사과,탄저병,6월상순부터 10일간격 경엽처리,"1,000배",수확 21일 전까지,5회 이내
124,카벤다짐 수화제,carbendazim-60,팜한농가벤다,(주)팜한농,살균제,나1,사과,탄저병,꽃이 진후 10일경부터(6월 상순부터 9월 상순) 경엽처리,"1,000배",수확 15일 전까지,3회 이내
125,캡탄 수화제,captan-50,팜한농캡탄,(주)팜한농,살균제,카,사과,탄저병,발병초부터 10일 간격 경엽처리,500배,수확 21일 전까지,4회 이내
126,캡탄.테부코나졸 정제상수화제,Captan-30Tebuconazole-5,나이코,(주)팜한농,살균제,카+사1,사과,탄저병,6월상순부터 10일간격 경엽처리,500배,수확 14일 전까지,4회 이내
127,캡탄.폴리옥신비 수화제,captan-60polyoxin b-5,팜한농포리캡탄,(주)팜한농,살균제,카+아4,사과,탄저병,6월 하순부터 9월 상순까지 10일 간격 경엽처리,500배,수확 7일 전까지,5회 이내
128,클로로탈로닐 수화제,chlorothalonil-75,골고루,(주)팜한농,살균제,카,사과,탄저병,6월상순부터 10일간격 경엽처리,800배,수확 30일 전까지,5회 이내
129,클로로탈로닐.디페노코나졸 입상수화제,chlorothalonil-20difenoconazole-4,이지팜,(주)팜한농,살균제,카+사1,사과,탄저병,6월중순부터 10일간격 경엽처리,"1,000배",수확 14일 전까지,4회 이내
130,테부코나졸 수화제,tebuconazole-25,해모수,(주)팜한농,살균제,사1,사과,탄저병,발병초 10일간격 경엽처리,"1,000배",수확 21일 전까지,3회 이내
131,테부코나졸 유제,tebuconazole-25,호리쿠어,(주)팜한농,살균제,사1,사과,탄저병,6월하순부터 10일간격 경엽처리,"1,500배",수확 30일 전까지,3회 이내
132,트리플록시스트로빈 입상수화제,trifloxystrobin-50,에이플,(주)팜한농,살균제,다3,사과,탄저병,6월 상순부터 10일간격 경엽처리,"4,000배",수확 21일 전까지,4회 이내
133,티오파네이트메틸 수화제,thiophanate-methyl-70,팜한농지오판,(주)팜한농,살균제,나1,사과,탄저병,꽃이진후 10일경부터 10일 간격 경엽처리,"1,000배",수확 21일 전까지,5회 이내
134,티오파네이트메틸 액상수화제,thiophanate-methyl-40,디모스,(주)팜한농,살균제,나1,사과,탄저병,6월 상순부터 10일간격  경엽처리,"1,000배",수확 14일 전까지,4회 이내
135,프로피네브 수화제,propineb-70,팜한농프로피,(주)팜한농,살균제,카,사과,탄저병,6월 상순부터 9월 상순까지 10일간격 경엽처리,600배,수확 7일 전까지,5회 이내
136,플루실라졸.크레속심메틸 액상수화제,flusilazole-1.5kresoxim-methyl-10,귀품,(주)팜한농,살균제,사1+다3,사과,탄저병,6월상순부터 10일간격 경엽처리,"1,000배",수확 30일 전까지,3회 이내
137,플루아지남 수화제,fluazinam-50,후론사이드,(주)팜한농,살균제,다5,사과,탄저병,6월하순부터 10일간격 경엽처리,"2,000배",수확 45일 전까지,5회 이내
138,플루아지남 액상수화제,fluazinam-50,모두랑,(주)팜한농,살균제,다5,사과,탄저병,6월상순부터 10일간격 경엽처리,"2,500배",수확 45일 전까지,5회 이내
139,플루퀸코나졸.테트라코나졸 유현탁제,Fluquinconazole-14Tetraconazole-7,질주,(주)팜한농,살균제,사1+사1,사과,탄저병,6월상순부터 10일간격 경엽처리,"1,000배",수확 21일 전까지,4회 이내
140,플루퀸코나졸.트리플록시스트로빈 액상수화제,fluquinconazole-14trifloxystrobin-14,듬지칸,(주)팜한농,살균제,사1+다3,사과,탄저병,6월상순부터 10일간격 경엽처리,"2,000배",수확 21일 전까지,4회 이내
141,플룩사피록사드.피라클로스트로빈 액상수화제,fluxapyroxad-4.6Pyraclostrobin-8.3,미리본,(주)팜한농,살균제,다2+다3,사과,탄저병,6월상순부터 10일간격 경엽처리,"2,000배",수확 21일 전까지,4회 이내
142,헥사코나졸.피라클로스트로빈 유탁제,Hexaconazole-1Pyraclostrobin-10,헤드라인,(주)팜한농,살균제,사1+다3,사과,탄저병,6월 상순부터 10일간격 경엽처리," 2,000배 ",수확 7일전,3회 이내
143,베노밀 수화제,Benomyl-50,베노밀,(주)하나바이오,살균제,나1,사과,탄저병,6월 상순부터 9월 중순 10일간격 경엽처리,"1,500배",수확 10일 전까지,3회 이내
144,디티아논 수화제,Dithianon-75,아우라 ,(주)한얼싸이언스,살균제,카,사과,탄저병,6월상순부터 9월상순까지 10일간격 경엽처리,800배,수확 21일 전까지,5회 이내
145,디페노코나졸.테부코나졸 분산성액제,difenoconazole-3.5tebuconazole-6,르네상스,(주)한얼싸이언스,살균제,사1+사1,사과,탄저병,6월 상순부터 10일간격 경엽처리,"1,000배",수확 21일전,3회 이내
146,베노밀 수화제,Benomyl-50,베노밀,(주)한얼싸이언스,살균제,나1,사과,탄저병,6월 상순부터 9월 중순 10일간격 경엽처리,"1,500배",수확 10일 전까지,3회 이내
147,카벤다짐 수화제,Carbendazim-60,가벤다,(주)한얼싸이언스,살균제,나1,사과,탄저병,꽃이 진후 10일경부터(6월 상순부터 9월 상순) 경엽처리,"1,000배",수확 15일 전까지,3회 이내
148,크레속심메틸.트리플루미졸 액상수화제,Kresoxim-methyl-20Triflumizole-15,드림하트,(주)한얼싸이언스,살균제,다3+사1,사과,탄저병,6월 상순부터 10일간격 경엽처리,"2,000배",수확 14일 전까지,4회 이내
149,클로로탈로닐 수화제,chlorothalonil-75,타로닐,(주)한얼싸이언스,살균제,카,사과,탄저병,발병초부터 10일간격 경엽처리,800배,수확 30일 전까지,5회 이내
150,클로로탈로닐.디티아논 액상수화제,chlorothalonil-20dithianon-15,탄저도사,(주)한얼싸이언스,살균제,카+카,사과,탄저병,6월상순부터 10일간격 경엽처리,"1,000배 ",수확 21일 전까지,3회 이내
151,테부코나졸 분산성액제,tebuconazole-12,티포라탄,(주)한얼싸이언스,살균제,사1,사과,탄저병,6월상순부터 10일간격 경엽처리,500배,수확 30일 전까지,3회 이내
152,테부코나졸 수화제,Tebuconazole-25,탄스타,(주)한얼싸이언스,살균제,사1,사과,탄저병,6월하순부터 10일간격 경엽처리,"1,000배",수확 21일 전까지,3회 이내
153,테부코나졸 입상수화제,tebuconazole-25,밀리언,(주)한얼싸이언스,살균제,사1,사과,탄저병,6월 상순부터 10일간격 경엽처리,"2,000배",수확 30일전,4회 이내
154,프로피네브 수화제,Propineb-70,어바우트,(주)한얼싸이언스,살균제,카,사과,탄저병,6월상순부터 9월상순까지 10일간격 경엽처리,600배,수확 7일 전까지,5회 이내
155,프로피네브 수화제,Propineb-70,어바우트,(주)한얼싸이언스,살균제,카,사과,탄저병,6월상순부터 9월상순까지 10일간격 경엽처리,600배,수확 7일 전까지,5회 이내
156,프로피네브.피라클로스트로빈 입상수화제,Propineb-60Pyraclostrobin-5,탄젠트,(주)한얼싸이언스,살균제,카+다3,사과,탄저병,6월 상순부터 10일간격 경엽처리,"1,000배",수확 21일 전까지,3회 이내
157,플루아지남 수화제,Fluazinam-50,원티드,(주)한얼싸이언스,살균제,다5,사과,탄저병,6월하순부터 10일간격 경엽처리,"2,000배",수확 45일 전까지,5회 이내
158,플루아지남.프로피네브 수화제,Fluazinam-8propineb-42,낙화엔골드,(주)한얼싸이언스,살균제,다5+카,사과,탄저병,6월 상순부터 10일간격 경엽처리,500배,수확 21일 전까지,3회 이내
159,피라클로스트로빈 입상수화제,Pyraclostrobin-20,피라미드,(주)한얼싸이언스,살균제,다3,사과,탄저병,6월상순부터 10일간격 경엽처리,"3,000배",수확 20일 전까지,5회 이내
160,피라클로스트로빈 입상수화제,Pyraclostrobin-20,피라미드,(주)한얼싸이언스,살균제,다3,사과,탄저병,6월 상순부터 10일간격 경엽처리,"3,000배",수확 20일 전까지,5회 이내
161,플루아지남 수화제,fluazinam-50,프로파티,ISK바이오사이언스 코리아(주),살균제,다5,사과,탄저병,6월중순부터 10일간격 경엽처리,"2,000배",수확 45일 전까지,5회 이내
162,아족시스트로빈 미탁제,Azoxystrobin-10,올센스,미래아그로,살균제,다3,사과,탄저병,6월상순부터 10일간격  경엽처리,"1,000배",수확 14일 전까지,5회 이내
163,플루아지남 입상수화제,Fluazinam-50,오피러스,미래아그로,살균제,다5,사과,탄저병,6월상순부터 10일간격 경엽처리,"2,000배",수확 30일 전까지,3회 이내
164,테부코나졸 수화제,tebuconazole-25,실바코,바이엘크롭사이언스(주),살균제,사1,사과,탄저병,6월하순부터 10일간격 경엽처리,"1,000배",수확 21일 전까지,3회 이내
165,테부코나졸 액상수화제,tebuconazole-20,실바코플러스,바이엘크롭사이언스(주),살균제,사1,사과,탄저병,6월 상순부터 10일간격 경엽처리,"1,000배",수확 30일 전까지,3회 이내
166,테부코나졸 유탁제,tebuconazole-25,바이칼,바이엘크롭사이언스(주),살균제,사1,사과,탄저병,6월상순부터 10일간격 경엽처리,"2,000배",수확 21일 전까지,4회 이내
167,테부코나졸.트리플록시스트로빈 액상수화제,tebuconazole-20trifloxystrobin-10,나티보,바이엘크롭사이언스(주),살균제,사1+다3,사과,탄저병,6월상순부터 10일 간격 경엽처리,"2,000배",수확 30일 전까지,5회 이내
168,트리플록시스트로빈 액상수화제,trifloxystrobin-22,프린트,바이엘크롭사이언스(주),살균제,다3,사과,탄저병,6월 중순부터 10일간격 경엽처리,"2,000배",수확 21일 전까지,5회 이내
169,프로피네브 수화제,propineb-70,안트라콜,바이엘크롭사이언스(주),살균제,카,사과,탄저병,6월 상순부터 9월 상순까지 10일간격 경엽처리,600배,수확 7일 전까지,5회 이내
170,디페노코나졸 유탁제,difenoconazole-5,균가네,선문그린사이언스(주),살균제,사1,사과,탄저병,6월 상순부터 10일간격  경엽처리,"1,000배",수확 30일 전까지,5회 이내
171,만코제브 수화제,Mancozeb-75,선문만코지,선문그린사이언스(주),살균제,카,사과,탄저병,6월 상순부터 10일간격 경엽처리,600배,수확 30일 전까지,5회 이내
172,베노밀 수화제,Benomyl-50,선문베노밀,선문그린사이언스(주),살균제,나1,사과,탄저병,6월 상순부터 9월 중순 10일간격 경엽처리,"1,500배",수확 10일 전까지,3회 이내
173,아족시스트로빈.테부코나졸 액상수화제,Azoxystrobin-11Tebuconazole-18.5,티바골드,선문그린사이언스(주),살균제,다3+사1,사과,탄저병,6월 상순부터 10일간격 경엽처리,"3,000배",수확 21일 전까지,4회 이내
174,카벤다짐 수화제,carbendazim-60,월드천,선문그린사이언스(주),살균제,나1,사과,탄저병,꽃이 진후 10일경부터(6월 상순부터 9월 상순) 경엽처리,"1,000배",수확 15일 전까지,3회 이내
175,카벤다짐.테부코나졸 수화제,carbendazim-3tebuconazole-22,탄자꼬,선문그린사이언스(주),살균제,나1+사1,사과,탄저병,6월상순부터 10일간격 경엽처리,"2,000배",수확 14일 전까지,4회 이내
176,클로로탈로닐 수화제,Chlorothalonil-75,선문타로닐,선문그린사이언스(주),살균제,카,사과,탄저병,6월상순부터 10일간격 경엽처리,800배,수확 30일 전까지,5회 이내
177,테부코나졸 수화제,Tebuconazole-25,씰빠꼬뿔,선문그린사이언스(주),살균제,사1,사과,탄저병,6월하순부터 10일간격 경엽처리,"1,000배",수확 21일 전까지,3회 이내
178,티오파네이트메틸 수화제,Thiophanate-methyl-70,지오판엠,선문그린사이언스(주),살균제,나1,사과,탄저병,꽃이진후 10일경부터 10일 간격 경엽처리,"1,000배",수확 21일 전까지,5회 이내
179,디페노코나졸.디티아논 입상수화제,Difenoconazole-4Dithianon-30,그랑프리,성보화학(주),살균제,사1+카,사과,탄저병,6월상순부터 10일간격 경엽처리,"2,000배",수확 14일 전까지,4회 이내
180,디페노코나졸.티오파네이트메틸 액상수화제,difenoconazole-4thiophanate-methyl-20,포커스,성보화학(주),살균제,사1+나1,사과,탄저병,6월상순부터 10일간격 경엽처리,"1,000배",수확 7일 전까지,4회 이내
181,만코제브 수화제,mancozeb-75,성보만코지,성보화학(주),살균제,카,사과,탄저병,6월 상순부터 10일간격 경엽처리,600배,수확 30일 전까지,5회 이내
182,메티람 입상수화제,metiram-55,포리람,성보화학(주),살균제,카,사과,탄저병,6월 하순부터 10일간격 경엽처리,500배,수확 30일 전까지,5회 이내
183,보스칼리드.크레속심메틸 액상수화제,Boscalid-18.2Kresoxim-methyl-9.1,코리스,성보화학(주),살균제,다2+다3,사과,탄저병,6월 중순부터 10일간격 경엽처리,"2,500배",수확 30일 전까지,5회 이내
184,보스칼리드.크레속심메틸 액상수화제,Boscalid-18.2Kresoxim-methyl-9.1,코리스,성보화학(주),살균제,다2+다3,사과,탄저병,6월 상순부터 10일간격   경엽처리,"2,500배",수확 30일 전까지,5회 이내
185,카벤다짐 수화제,carbendazim-60,성보가벤다,성보화학(주),살균제,나1,사과,탄저병,꽃이 진후 10일경부터(6월 상순부터 9월 상순) 경엽처리,"1,000배",수확 15일 전까지,3회 이내
186,카벤다짐.클로로탈로닐 액상수화제,carbendazim-12chlorothalonil-31,탄프로,성보화학(주),살균제,나1+카,사과,탄저병,6월상순부터 10일간격 경엽처리,"1,000배",수확 21일 전까지,4회 이내
187,크레속심메틸 입상수화제,kresoxim-methyl-50,해비치,성보화학(주),살균제,다3,사과,탄저병,6월중순부터 10일간격 경엽처리,"2,000배",수확 14일 전까지,4회 이내
188,클로로탈로닐 수화제,chlorothalonil-75,성보네,성보화학(주),살균제,카,사과,탄저병,6월상순부터 10일간격 경엽처리,800배,수확 30일 전까지,5회 이내
189,클로로탈로닐.피리메타닐 액상수화제,chlorothalonil-31pyrimethanil-12.4,탐실,성보화학(주),살균제,카+라1,사과,탄저병,6월중순부터 10일간격 경엽처리,"1,000배",수확 14일 전까지,4회 이내
190,티오파네이트메틸 수화제,thiophanate-methyl-70,성보지오판,성보화학(주),살균제,나1,사과,탄저병,꽃이진후 10일경부터 10일간격 경엽처리,"1,000배",수확 21일 전까지,5회 이내
191,프로피네브 수화제,propineb-70,성보네,성보화학(주),살균제,카,사과,탄저병,6월 상순부터 9월상순까지 10일간격 경엽처리,600배,수확 7일 전까지,5회 이내
192,프로피네브.피라클로스트로빈 입상수화제,Propineb-56Pyraclostrobin-4.7,블랙박스,성보화학(주),살균제,카+다3,사과,탄저병,6월상순부터 10일간격 경엽처리,"1,000배",수확 21일 전까지,3회 이내
193,플루퀸코나졸.프로클로라즈망가니즈 수화제,fluquinconazole-5prochloraz manganese complex-25,성보탄저박사,성보화학(주),살균제,사1+사1,사과,탄저병,6월상순부터 10일간격 경엽처리,"1,000배",수확 30일 전까지,4회 이내
194,플루트리아폴 입상수화제,Flutriafol-40,애니탄,성보화학(주),살균제,사1,사과,탄저병,6월 상순부터 10일간격 경엽처리,"2,000배",수확 14일 전까지,3회 이내
195,피라클로스트로빈.테부코나졸 액상수화제,Pyraclostrobin-9Tebuconazole-9,포르투나,성보화학(주),살균제,다3+사1,사과,탄저병,6월상순부터 10일간격 경엽처리,"2,000배",수확 21일 전까지,3회 이내
196,피리벤카브 액상수화제,pyribencarb-20,선두주자,성보화학(주),살균제,다3,사과,탄저병,6월 상순부터 10일간격 경엽처리,"1,000배",수확 14일 전까지,3회 이내
197,베노밀 수화제,benomyl-50,벤레이트,신젠타코리아(주),살균제,나1,사과,탄저병,6월 상순부터 9월 중순 10일간격 경엽처리,"1,500배",수확 10일 전까지,3회 이내
198,아시벤졸라-에스-메틸.디티아논 액상수화제,acibenzolar-s-methyl-1.75dithianon-30,아로빈,신젠타코리아(주),살균제,차1+카,사과,탄저병,6월상순부터 10일간격 경엽처리,"1,000배",수확 21일 전까지,4회 이내
199,아시벤졸라-에스-메틸.만코제브 수화제,acibenzolar-s-methyl-1mancozeb-48,비온엠,신젠타코리아(주),살균제,차1+카,사과,탄저병,6월상순부터 10일간격 경엽처리,"1,000배",수확 21일 전까지,4회 이내
200,아시벤졸라-에스-메틸.클로로탈로닐 액상수화제,acibenzolar-s-methyl-1.42chlorothalonil-44.5,아리미소진,신젠타코리아(주),살균제,차1+카,사과,탄저병,6월상순부터 10일간격 경엽처리,"2,000배",수확 21일 전까지,3회 이내
201,아족시스트로빈 수화제,azoxystrobin-10,아미스타,신젠타코리아(주),살균제,다3,사과,탄저병,6월 상순부터 10일간격 경엽처리,"1,000배",수확 14일 전까지,5회 이내
202,플루아지남 액상수화제,Fluazinam-41,픽데이,신젠타코리아(주),살균제,다5,사과,탄저병,6월상순부터 10일간격 경엽처리,"2,000배",수확 45일 전까지,5회 이내
203,디티아논 액상수화제,Dithianon-43,미듬탄,아그리젠토(주),살균제,카,사과,탄저병,"6월하순부터 10일간격, 경엽처리","1,000배",수확 28일 전까지,4회 이내
204,클로로탈로닐.테부코나졸 액상수화제,Chlorothalonil-23Tebuconazole-23,히든탄,아그리젠토(주),살균제,카+사1,사과,탄저병,6월 상순부터 10일 간격  경엽처리,"1,000배",수확 30일 전까지,3회 이내
205,테부코나졸 수화제,Tebuconazole-25,실크로드,아그리젠토(주),살균제,사1,사과,탄저병,6월하순부터 10일간격 경엽처리,"1,000배",수확 21일 전까지,3회 이내
206,테부코나졸.트리플록시스트로빈 액상수화제,Tebuconazole-20Trifloxystrobin-10,크리티컬,아그리젠토(주),살균제,사1+다3,사과,탄저병,6월 상순부터 10일간격 경엽처리,"2,000배",수확 30일전,5회 이내
207,프로클로라즈망가니즈 수화제,Prochloraz manganese-50,머니업,아그리젠토(주),살균제,사1,사과,탄저병,6월상순부터 10일간격 경엽처리,"2,000배 ",수확 21일 전까지,4회 이내
208,프로피네브 수화제,Propineb-70,프로랭스,아그리젠토(주),살균제,카,사과,탄저병,6월 상순부터 9월상순까지 10일간격 경엽처리,600배,수확 7일 전까지,5회 이내
209,플루아지남 액상수화제,Fluazinam-50,젠토후론트,아그리젠토(주),살균제,다5,사과,탄저병,6월상순부터 10일간격 경엽처리,"2,500배",수확 45일 전까지,5회 이내
210,피라클로스트로빈 입상수화제,Pyraclostrobin-20,런닝맨,아그리젠토(주),살균제,다3,사과,탄저병,6월상순부터 10일간격 경엽처리,"3,000배",수확 20일 전까지,5회 이내
211,캡탄 입상수화제,Captan-80,머판,아다마코리아(주),살균제,카,사과,탄저병,6월상순부터 10일간격 경엽처리,"1,000배",수확 21일 전까지,4회 이내
212,캡탄.테부코나졸 액상수화제,Captan-26.6Tebuconazole-6.6,캐피즈,아다마코리아(주),살균제,카+사1,사과,탄저병,6월 상순부터 10일간격 경엽처리,"1,000배",수확 14일전,4회 이내
213,플루아지남 액상수화제,Fluazinam-41,반조,아다마코리아(주),살균제,다5,사과,탄저병,6월상순부터 10일간격 경엽처리,"2,000배",수확 45일 전까지,5회 이내
214,플루아지남.테부코나졸 액상수화제,Fluazinam-29.1Tebuconazole-12.5,살루스,아다마코리아(주),살균제,다5+사1,사과,탄저병,6월상순부터 10일간격 경엽처리,"2,000배",수확 21일 전까지,3회 이내
215,플루아지남 액상수화제,Fluazinam-50,언더힐,아진케미칼(주),살균제,다5,사과,탄저병,6월상순부터 10일간격 경엽처리,"2,500배",수확 45일 전까지,5회 이내
216,피라클로스트로빈 입상수화제,Pyraclostrobin-20,바빌론,에이치바이오텍,살균제,다3,사과,탄저병,6월상순부터 10일간격 경엽처리,"3,000배",수확 20일 전까지,5회 이내
217,피라클로스트로빈 입상수화제,Pyraclostrobin-20,블루썬더,위즈팜,살균제,다3,사과,탄저병,6월상순부터 10일간격 경엽처리,"3,000배",수확 20일 전까지,5회 이내
218,베노밀 수화제,benomyl-50,유원베노밀,유원에코사이언스(주),살균제,나1,사과,탄저병,6월 상순부터 9월 중순 10일간격 경엽처리,"1,500배",수확 10일 전까지,3회 이내
219,카벤다짐 수화제,Carbendazim-60,카벤디온,유원에코사이언스(주),살균제,나1,사과,탄저병,꽃이 진후 10일경부터(6월 상순부터 9월 상순) 경엽처리,"1,000배",수확 15일 전까지,3회 이내
220,캡탄 수화제,Captan-50,부패왕,유원에코사이언스(주),살균제,카,사과,탄저병,발병초부터 10일 간격 경엽처리,500배,수확 21일 전까지,4회 이내
221,클로로탈로닐 수화제,Chlorothalonil-75,강침탄,유원에코사이언스(주),살균제,카,사과,탄저병,6월상순부터 10일간격 경엽처리,800배,수확 30일 전까지,5회 이내
222,티오파네이트메틸 수화제,Thiophanate-methyl-70,과채탄,유원에코사이언스(주),살균제,나1,사과,탄저병,꽃이진후 10일경부터 10일 간격 경엽처리,"1,000배",수확 21일 전까지,5회 이내
223,베노밀 수화제,benomyl-50,임팩트,인바이오(주),살균제,나1,사과,탄저병,6월 상순부터 9월 중순 10일간격 경엽처리,"1,500배",수확 10일 전까지,3회 이내
224,옥신코퍼 수화제,oxine-copper-50,이비엠옥동이,인바이오(주),살균제,카,사과,탄저병,6월하순부터 9월상순까지 10일간격 경엽처리,500배,수확 7일 전까지,5회 이내
225,카벤다짐 수화제,carbendazim-60,가벤다,인바이오(주),살균제,나1,사과,탄저병,꽃이 진후 10일경부터(6월 상순부터 9월 상순) 경엽처리,"1,000배",수확 15일 전까지,3회 이내
226,클로로탈로닐 액상수화제,Chlorothalonil-53,균스타일,인바이오(주),살균제,카,사과,탄저병,6월 상순부터 10일간격 경엽처리,"1,000배",수확 30일 전까지,3회 이내
227,테부코나졸 수화제,Tebuconazole-25,탄보험,인바이오(주),살균제,사1,사과,탄저병,발병초 10일간격 경엽처리,"1,000배",수확 21일 전까지,3회 이내
228,트리플록시스트로빈 액상수화제,Trifloxystrobin-22,새도우,인바이오(주),살균제,다3,사과,탄저병,6월 상순부터 10일간격 경엽처리,"2,000배",수확 21일전,5회 이내
229,티오파네이트메틸 수화제,Thiophanate-methyl-70,균지기,인바이오(주),살균제,나1,사과,탄저병,꽃이 진후 10일경부터 10일간격 경엽처리,"1,000배",수확 21일 전까지,5회 이내
230,티오파네이트메틸 수화제,thiophanate-methyl-70,지오판,인바이오(주),살균제,나1,사과,탄저병,꽃이 진후 10일경부터 10일간격  경엽처리,"1,000배",수확 21일 전까지,5회 이내
231,프로피네브.피라클로스트로빈 입상수화제,Propineb-43.5Pyraclostrobin-6.5,특급탄,인바이오(주),살균제,카+다3,사과,탄저병,6월상순부터 10일간격 경엽처리,"1,000배",수확 30일 전까지,3회 이내
232,플루아지남 수화제,Fluazinam-50,후론골드,인바이오(주),살균제,다5,사과,탄저병,6월하순부터 10일간격 경엽처리,"2,000배",수확 45일 전까지,5회 이내
233,피라클로스트로빈 유제,Pyraclostrobin-22.9,스탠바이,인바이오(주),살균제,다3,사과,탄저병,6월상순부터 10일간격 경엽처리,"4,000배",수확 21일전,4회 이내
234,피라클로스트로빈 입상수화제,Pyraclostrobin-20,골든밸런스,인바이오(주),살균제,다3,사과,탄저병,6월상순부터 10일간격 경엽처리,"3,000배",수확 20일 전까지,5회 이내
235,헥사코나졸.테부코나졸 액상수화제,hexaconazole-1tebuconazole-20,빅그린,인바이오(주),살균제,사1+사1,사과,탄저병,6월 상순부터 10일간격 경엽처리,"1,000배 ",수확 14일 전까지,3회 이내
236,디티아논 수화제,Dithianon-75,보양진,㈜이엑스아이디,살균제,카,사과,탄저병,6월상순부터 9월상순까지 10일간격 경엽처리,800배,수확 21일 전까지,5회 이내
237,클로로탈로닐 액상수화제,Chlorothalonil-53,명품샷,㈜이엑스아이디,살균제,카,사과,탄저병,6월 상순부터 10일간격 경엽처리,"1,000배",수확 30일 전까지,3회 이내
238,트리플록시스트로빈 액상수화제,Trifloxystrobin-22,해모루,㈜이엑스아이디,살균제,다3,사과,탄저병,6월 상순부터 10일간격 경엽처리,"2,000배",수확 21일 전까지,5회 이내
239,티오파네이트메틸 수화제,Thiophanate-methyl-70,청양단,㈜이엑스아이디,살균제,나1,사과,탄저병,꽃이 진후 10일경부터 10일간격 경엽처리,"1,000배",수확 21일 전까지,5회 이내
240,피라클로스트로빈 입상수화제,Pyraclostrobin-20,흥행탄,㈜이엑스아이디,살균제,다3,사과,탄저병,6월상순부터 10일간격 경엽처리,"3,000배",수확 20일 전까지,5회 이내
241,티오파네이트메틸 수화제,thiophanate-methyl-70,샹그리라,지넥스(주),살균제,나1,사과,탄저병,꽃이진후 10일경부터 10일 간격 경엽처리,"1,000배",수확 21일 전까지,5회 이내
242,플루아지남 수화제,Fluazinam-50,큰살림,지넥스(주),살균제,다5,사과,탄저병,6월하순부터 10일간격 경엽처리,"2,000배",수확 45일 전까지,5회 이내
243,피라클로스트로빈 입상수화제,Pyraclostrobin-20,래이피어,지넥스(주),살균제,다3,사과,탄저병,6월상순부터 10일간격 경엽처리,"3,000배",수확 20일 전까지,5회 이내
244,헥사코나졸.테부코나졸 액상수화제,Hexaconazole-1Tebuconazole-20,투피스,지넥스(주),살균제,사1+사1,사과,탄저병,6월 상순부터 10일간격 경엽처리,"1,000배 ",수확 14일 전까지,3회 이내
245,테부코나졸 유제,Tebuconazole-25,마꼬잡꼬,태평에이지(주),살균제,사1,사과,탄저병,6월상순부터 10일간격 경엽처리,"1,500배",수확 30일 전까지,3회 이내
246,테부코나졸 수화제,Tebuconazole-25,티메이드,티아그로,살균제,사1,사과,탄저병,발병초 10일간격 경엽처리,"1,000배",수확 21일 전까지,3회 이내
247,피라클로스트로빈 입상수화제,Pyraclostrobin-20,빅쇼,티아그로,살균제,다3,사과,탄저병,6월상순부터 10일간격 경엽처리,"3,000배",수확 20일 전까지,5회 이내
248,테부코나졸 수화제,Tebuconazole-25,마꼬잡꼬,팜아그로텍(주),살균제,사1,사과,탄저병,6월중순부터 12일간격 수관살포,"1,000배",수확 21일 전까지,3회 이내
249,테부코나졸 액상수화제,Tebuconazole-20,타비야,팜아그로텍(주),살균제,사1,사과,탄저병,6월 상순부터 10일간격 경엽처리,"1,000배",수확 30일 전까지,3회 이내
250,플루아지남 수화제,Fluazinam-50,디펜솔,팜아그로텍(주),살균제,다5,사과,탄저병,6월중순부터 10일간격 경엽처리,"2,000배",수확 45일 전까지,5회 이내
251,피라클로스트로빈 입상수화제,Pyraclostrobin-20,안티탄,팜아그로텍(주),살균제,다3,사과,탄저병,6월상순부터 10일간격 경엽처리,"3,000배",수확 20일 전까지,5회 이내
252,캡탄 입상수화제,Captan-80,머판,한국마간(주),살균제,카,사과,탄저병,6월상순부터 10간격 경엽처리,"1,000배",수확 21일 전까지,4회 이내
253,플루아지남 액상수화제,fluazinam-41,반조,한국마간(주),살균제,다5,사과,탄저병,6월상순부터 10일간격 경엽처리,"2,000배",수확 45일 전까지,5회 이내
254,플루아지남.테부코나졸 액상수화제,fluazinam-29.1tebuconazole-12.5,후론터부,한국마간(주),살균제,다5+사1,사과,탄저병,6월상순부터 10일간격 경엽처리,"2,000배",수확 21일 전까지,3회 이내
255,디티아논 입상수화제,dithianon-66,델란,한국바스프(주),살균제,카,사과,탄저병,6월상순부터 10일간격 경엽처리,"1,500배",수확 20일 전까지,4회 이내
256,디티아논.피라클로스트로빈 입상수화제,dithianon-12pyraclostrobin-4,매카니,한국바스프(주),살균제,카+다3,사과,탄저병,6월상순부터 10일간격 경엽처리,"1,000배",수확 20일 전까지,5회 이내
257,보스칼리드.크레속심메틸 액상수화제,boscalid-18.2kresoxim-methyl-9.1,코리스,한국바스프(주),살균제,다2+다3,사과,탄저병,6월 상순부터 10일간격 경엽처리,"2,500배",수확 30일 전까지,5회 이내
258,보스칼리드.피라클로스트로빈 입상수화제,boscalid-13.6pyraclostrobin-6.8,벨리스플러스,한국바스프(주),살균제,다2+다3,사과,탄저병,6월상순부터 10일간격 경엽처리,"2,000배",수확 30일 전까지,5회 이내
259,피라클로스트로빈 유제,pyraclostrobin-22.9,카브리오,한국바스프(주),살균제,다3,사과,탄저병,6월상순부터 10일간격 경엽처리,"4,000배",수확 21일 전까지,4회 이내
260,피라클로스트로빈 입상수화제,pyraclostrobin-20,카브리오에이,한국바스프(주),살균제,다3,사과,탄저병,6월상순부터 10일간격 경엽처리,"3,000배",수확 20일 전까지,5회 이내
261,디티아논 수화제,dithianon-75,델란,한국삼공(주),살균제,카,사과,탄저병,6월상순부터 9월상순까지 10일간격 경엽처리,"1,000배",수확 21일 전까지,5회 이내
262,디티아논 입상수화제,dithianon-66,델란,한국삼공(주),살균제,카,사과,탄저병,6월상순부터 10일간격 경엽처리,"1,500배",수확 20일 전까지,4회 이내
263,디티아논.티오파네이트메틸 수화제,dithianon-30thiophanate-methyl-40,델란티,한국삼공(주),살균제,카+나1,사과,탄저병,6월 하순부터 10일간격 경엽처리,"1,000배",수확 20일 전까지,5회 이내
264,만코제브 수화제,mancozeb-75,탄자비,한국삼공(주),살균제,카,사과,탄저병,6월 상순부터 10일간격 경엽처리,600배,수확 30일 전까지,5회 이내
265,메티람 입상수화제,metiram-55,썬업,한국삼공(주),살균제,카,사과,탄저병,6월 하순부터 10일간격 수관처리,500배,수확 30일 전까지,5회 이내
266,베노밀 수화제,benomyl-50,삼공베노밀,한국삼공(주),살균제,나1,사과,탄저병,6월 상순부터 9월 중순 10일간격 경엽처리,"1,500배",수확 10일 전까지,3회 이내
267,아족시스트로빈 수화제,azoxystrobin-10,나타나,한국삼공(주),살균제,다3,사과,탄저병,6월 중순부터 10일간격 경엽처리,"1,000배",수확 14일 전까지,5회 이내
268,카벤다짐 수화제,carbendazim-60,삼공가벤다,한국삼공(주),살균제,나1,사과,탄저병,꽃이 진후 10일경부터(6월 상순부터 9월 상순) 경엽처리,"1,000배",수확 15일 전까지,3회 이내
269,카벤다짐.헥사코나졸 수화제,carbendazim-50hexaconazole-1,뉴상승이,한국삼공(주),살균제,나1+사1,사과,탄저병,6월하순부터 10일간격 수관처리,"1,000배",수확 15일 전까지,3회 이내
270,캡탄 수화제,captan-50,삼공캪탄,한국삼공(주),살균제,카,사과,탄저병,발병초부터 10일 간격 경엽처리,500배,수확 21일 전까지,4회 이내
271,클로로탈로닐 수화제,chlorothalonil-75,초우크,한국삼공(주),살균제,카,사과,탄저병,6월상순부터 10일간격 경엽처리,800배,수확 30일 전까지,5회 이내
272,티오파네이트메틸 수화제,thiophanate-methyl-70,삼공지오판,한국삼공(주),살균제,나1,사과,탄저병,꽃이진후 10일경부터 10일간격 경엽처리,"1,000배",수확 21일 전까지,5회 이내
273,펜티오피라드.트리플록시스트로빈 액상수화제,Penthiopyrad-9Trifloxystrobin-17,트리플캡,한국삼공(주),살균제,다2+다3,사과,탄저병,6월 상순부터 10일간격 경엽처리,"2,000배",수확 14일 전까지,4회 이내
274,폴펫 수화제,folpet-50,삼공홀펫,한국삼공(주),살균제,카,사과,탄저병,6월 상순부터 10일 간격 경엽처리,500배,수확 10일 전까지,5회 이내
275,프로클로라즈망가니즈 수화제,Prochloraz manganese-50,스포르곤,한국삼공(주),살균제,사1,사과,탄저병,6월상순부터 10일간격 경엽처리,"2,000배",수확 21일 전까지,4회 이내
276,프로클로라즈망가니즈.테부코나졸 수화제,prochloraz manganese complex-25tebuconazole-15,사천왕,한국삼공(주),살균제,사1+사1,사과,탄저병,6월상순부터 10일간격 경엽처리,"2,000배",수확 21일 전까지,4회 이내
277,피라클로스트로빈 액상수화제,pyraclostrobin-11,프로키온,한국삼공(주),살균제,다3,사과,탄저병,6월상순부터 10일간격  경엽처리,"2,000배",수확 14일 전까지,3회 이내
278,피라클로스트로빈 유제,Pyraclostrobin-22.9,카브리오,한국삼공(주),살균제,다3,사과,탄저병,6월상순부터 10일간격 경엽처리,"4,000배",수확 21일 전까지,4회 이내
279,피라클로스트로빈 유제,pyraclostrobin-22.9,카브리오,한국삼공(주),살균제,다3,사과,탄저병,6월상순부터 10일간격 경엽처리,"4,000배",수확 21일 전까지,4회 이내
