No,regCpntQnty,pestiBrandName,compName,useName,indictSymbl,cropName,diseaseWeedName,pestiUse,dilutUnit,useSuittime,useNum
1,Azoxystrobin-7.2Tebuconazole-14.8,와이카두,(유)로탐라이프사이언스코리아,살균제,다3+사1,사과,겹무늬썩음병,6월 상순부터 10일간격  경엽처리,"1,500배",수확 21일 전까지,4회 이내
2,Carbendazim-12.5Tebuconazole-12.5,탄탄,(유)로탐라이프사이언스코리아,살균제,나1+사1,사과,겹무늬썩음병,6월상순부터 10일간격 경엽처리,"1,000배",수확 21일 전까지,3회 이내
3,dithianon-75,경농디치,(주)경농,살균제,카,사과,겹무늬썩음병,6월 상순부터 9월상순까지 10일간격 경엽처리,"1,000배",수확 21일 전까지,5회 이내
4,dithianon-43,델란,(주)경농,살균제,카,사과,겹무늬썩음병,6월 중순부터 10일 간격 경엽처리,"1,000배",수확 28일 전까지,4회 이내
5,Dithianon-25fluxapyroxad-3,뉴페이스,(주)경농,살균제,카+다2,사과,겹무늬썩음병,6월상순부터 10일간격 경엽처리,"1,000배",수확 21일 전까지,4회 이내
6,difenoconazole-10,푸르겐,(주)경농,살균제,사1,사과,겹무늬썩음병,6월 중순부터 10일간격 경엽처리,"2,000배",수확 7일 전까지,5회 이내
7,difenoconazole-3iminoctadine triacetate-15,삼진왕,(주)경농,살균제,사1+카,사과,겹무늬썩음병,6월상순부터 10일간격 경엽처리,"1,000배",수확 21일 전까지,5회 이내
8,difenoconazole-6kresoxim-methyl-20,올레디,(주)경농,살균제,사1+다3,사과,겹무늬썩음병,6월 상순부터 10일간격 경엽처리,"2,000배",수확 14일 전까지,5회 이내
9,difenoconazole-6tebuconazole-15,메가킹,(주)경농,살균제,사1+사1,사과,겹무늬썩음병,6월중순부터 10일간격 경엽처리,"2,000배",수확 21일 전까지,5회 이내
10,difenoconazole-4polyoxin d-2.5,뉴리더,(주)경농,살균제,사1+아4,사과,겹무늬썩음병,6월중순부터 10일간격 경엽처리,"1,000배",수확 14일 전까지,5회 이내
11,Difenoconazole-4Pyraclostrobin-8,다놀라,(주)경농,살균제,사1+다3,사과,겹무늬썩음병,6월상순부터 10일간격 경엽처리,"2,000배",수확 21일 전까지,3회 이내
12,myclobutanil-6,시스텐,(주)경농,살균제,사1,사과,겹무늬썩음병,6월중순부터 10일간격 경엽처리,"1,000배",수확 20일 전까지,5회 이내
13,mancozeb-75,다이센엠-45,(주)경농,살균제,카,사과,겹무늬썩음병,6월 상순부터 10일간격 경엽처리,500배,수확 30일 전까지,5회 이내
14,benomyl-50,다코스,(주)경농,살균제,나1,사과,겹무늬썩음병,6월 하순부터 9월 상순까지 10일간격 경엽처리,"1,500배",수확 10일 전까지,3회 이내
15,boscalid-13.6pyraclostrobin-8,벨리스에스,(주)경농,살균제,다2+다3,사과,겹무늬썩음병,6월중순부터 10일간격 경엽처리,"2,000배",수확 30일 전까지,5회 이내
16,boscalid-17pyraclostrobin-8,벨리스,(주)경농,살균제,다2+다3,사과,겹무늬썩음병,6월 중순부터 10일간격 경엽처리,"2,500배",수확 30일 전까지,5회 이내
17,boscalid-13.6pyraclostrobin-6.8,벨리스플러스,(주)경농,살균제,다2+다3,사과,겹무늬썩음병,6월중순부터 10일간격 경엽처리,"2,000배",수확 30일 전까지,5회 이내
18,bitertanol-25,방파제,(주)경농,살균제,사1,사과,겹무늬썩음병,6월상순부터 10일간격 경엽처리,"1,000배",수확 21일 전까지,5회 이내
19,Cyproconazole-4.5,아테미,(주)경농,살균제,사1,사과,겹무늬썩음병,6월중순부터 10일간격 경엽처리,"4,000배",수확 40일 전까지,5회 이내
20,Isofetamid-15Tebuconazole-6,쾌지나,(주)경농,살균제,다2+사1,사과,겹무늬썩음병,6월 상순부터 10일간격 경엽처리,"1,000배",수확 21일 전까지,3회 이내
21,oxine-copper-50,경농옥시동,(주)경농,살균제,카,사과,겹무늬썩음병,6월하순부터 9월상순까지 10일 간격 경엽처리,500배,수확 7일 전까지,5회 이내
22,iminoctadine tris(albesilate)-40,벨쿠트,(주)경농,살균제,카,사과,겹무늬썩음병,6월중순부터 10일간격 경엽처리,"1,000배",수확 14일 전까지,5회 이내
23,iminoctadine triacetate-25,영파워,(주)경농,살균제,카,사과,겹무늬썩음병,6월 중순부터 9월 상순까지 10일간격 경엽처리,"1,000배",수확 30일 전까지,5회 이내
24,carbendazim-60,해마지,(주)경농,살균제,나1,사과,겹무늬썩음병,6월 하순부터 9월 상순까지 10일간격 경엽처리,"1,000배",수확 15일 전까지,3회 이내
25,captan-50,경농캪탄,(주)경농,살균제,카,사과,겹무늬썩음병,6월 상순부터 10일간격 경엽처리,500배,수확 21일 전까지,4회 이내
26,chlorothalonil-40mancozeb-35,코다이,(주)경농,살균제,카+카,사과,겹무늬썩음병,6월상순부터 10일간격 경엽처리,"1,000배",수확 30일 전까지,4회 이내
27,chlorothalonil-40oxine-copper-20,한아름,(주)경농,살균제,카+카,사과,겹무늬썩음병,6월중순부터 9월상순까지 10일간격 경엽처리,500배,수확 30일 전까지,3회 이내
28,Trifloxystrobin-22,작사,(주)경농,살균제,다3,사과,겹무늬썩음병,6월 상순부터 10일간격 경엽처리,"2,000배",수확 21일전,5회 이내
29,thiophanate-methyl-45triflumizole-15,모도우리,(주)경농,살균제,나1+사1,사과,겹무늬썩음병,6월상순부터 10일간격 경엽처리,"1,000배",수확 14일 전까지,4회 이내
30,Penthiopyrad-5Tebuconazole-6.5,엠불런스,(주)경농,살균제,다2+사1,사과,겹무늬썩음병,6월상순부터 10일간격 경엽처리,"1,000배",수확 21일 전까지,3회 이내
31,Fluazinam-50,프로파티,(주)경농,살균제,다5,사과,겹무늬썩음병,6월중순부터 10일간격 경엽처리,"2,000배",수확 45일 전까지,5회 이내
32,Hexaconazole-5,한빛,(주)경농,살균제,사1,사과,겹무늬썩음병,6월 중순부터 10일간격 경엽처리,"2,500배",수확 30일 전까지,5회 이내
33,hexaconazole-5,한빛,(주)경농,살균제,사1,사과,겹무늬썩음병,6월 중순부터 10일간격 경엽처리,"2,500배",수확 30일 전까지,5회 이내
34,Dithianon-44,델란,(주)농협케미컬,살균제,카,사과,겹무늬썩음병,6월상순부터 10일간격 경엽처리,"1,000배",수확 21일 전까지,4회 이내
35,dithianon-66,델란,(주)농협케미컬,살균제,카,사과,겹무늬썩음병,6월중순부터 10일간격 경엽처리,"1,500배",수확 20일 전까지,4회 이내
36,mancozeb-75,아리만코지,(주)농협케미컬,살균제,카,사과,겹무늬썩음병,6월 상순부터 10일간격 경엽처리,500배,수확 30일 전까지,5회 이내
37,Mefentrifluconazole-5Pyraclostrobin-9,멜리아,(주)농협케미컬,살균제,+다3,사과,겹무늬썩음병,6월상순부터 10일간격 경엽처리,"2,000배",수확 14일 전까지,3회 이내
38,benomyl-50,아리베노밀,(주)농협케미컬,살균제,나1,사과,겹무늬썩음병,6월 하순부터 9월 상순까지 10일간격 경엽처리,"1,500배",수확 10일 전까지,3회 이내
39,bitertanol-25,아리비타놀,(주)농협케미컬,살균제,사1,사과,겹무늬썩음병,6월상순부터 10일간격 경엽처리,"1,000배",수확 21일 전까지,5회 이내
40,oxine-copper-50,영일옥시동,(주)농협케미컬,살균제,카,사과,겹무늬썩음병,6월하순부터 9월상순까지 10일 간격 경엽처리,500배,수확 7일 전까지,5회 이내
41,iminoctadine triacetate-25,영일탑,(주)농협케미컬,살균제,카,사과,겹무늬썩음병,6월 중순부터 9월 상순까지 10일간격 경엽처리,"1,000배",수확 30일 전까지,5회 이내
42,carbendazim-60,영일가벤다,(주)농협케미컬,살균제,나1,사과,겹무늬썩음병,6월 하순부터 9월 상순까지 10일간격 경엽처리,"1,000배",수확 15일 전까지,3회 이내
43,carbendazim-50polyoxin d-1.5,차세대,(주)농협케미컬,살균제,나1+아4,사과,겹무늬썩음병,6월상순부터 10일간격 경엽처리,"1,000배",수확 21일 전까지,5회 이내
44,captan-50,영일캪탄,(주)농협케미컬,살균제,카,사과,겹무늬썩음병,6월 상순부터 10일간격 경엽처리,500배,수확 21일 전까지,4회 이내
45,Captan-40Trifloxystrobin-8,캡틴에이,(주)농협케미컬,살균제,카+다3,사과,겹무늬썩음병,6월 상순부터 10일간격 경엽처리,"1,000배",수확 21일 전까지,3회 이내
46,copper sulfate basic-58,네오보르도,(주)농협케미컬,살균제,카,사과,겹무늬썩음병,6월중순부터 10일간격 경엽처리,"1,000배",-,-
47,Kresoxim-methyl-44.2,스트로비,(주)농협케미컬,살균제,다3,사과,겹무늬썩음병,6월중순부터 10일간격 경엽처리,"3,000배",수확 21일 전까지,3회 이내
48,kresoxim-methyl-44.2,스트로비,(주)농협케미컬,살균제,다3,사과,겹무늬썩음병,6월중순부터 10일간격 경엽처리,"3,000배",수확 21일 전까지,3회 이내
49,chlorothalonil-20difenoconazole-4,단단,(주)농협케미컬,살균제,카+사1,사과,겹무늬썩음병,6월중순부터 10일간격 경엽처리,"1,000배",수확 21일 전까지,5회 이내
50,chlorothalonil-35kresoxim-methyl-7,경탄,(주)농협케미컬,살균제,카+다3,사과,겹무늬썩음병,6월중순부터 10일간격 경엽처리,"1,000배",수확 30일 전까지,4회 이내
51,Tebuconazole-25,선가드,(주)농협케미컬,살균제,사1,사과,겹무늬썩음병,6월중순부터 10일간격 경엽처리,"2,000배",수확 21일 전까지,4회 이내
52,tebuconazole-17thiophanate-methyl-10,치프너,(주)농협케미컬,살균제,사1+나1,사과,겹무늬썩음병,6월상순부터 10일간격 경엽처리,"2,000배",수확 21일 전까지,3회 이내
53,propineb-70,새론,(주)농협케미컬,살균제,카,사과,겹무늬썩음병,6월 상순부터 10일간격 경엽처리,500배,수확 7일 전까지,5회 이내
54,propiconazole-10tebuconazole-12,영일베스트,(주)농협케미컬,살균제,사1+사1,사과,겹무늬썩음병,6월 상순부터 10일간격 경엽처리,"2,000배",수확 14일 전까지,5회 이내
55,Fluazinam-50,우람,(주)농협케미컬,살균제,다5,사과,겹무늬썩음병,6월상순부터 10일간격 경엽처리,"2,500배",수확 45일 전까지,5회 이내
56,Fluazinam-35Pyraclostrobin-8,힐링샷,(주)농협케미컬,살균제,다5+다3,사과,겹무늬썩음병,6월 상순부터 10일간격 경엽처리,"2,000배",수확 21일 전까지,3회 이내
57,Flutriafol-20,클라웃,(주)농협케미컬,살균제,사1,사과,겹무늬썩음병,6월상순부터 10일간격 경엽처리,"2,000배",수확 14일 전까지,3회 이내
58,Pyraclostrobin-20,카브리오에이,(주)농협케미컬,살균제,다3,사과,겹무늬썩음병,6월상순부터 10일간격 경엽처리,"3,000배",수확 20일 전까지,5회 이내
59,pyraclostrobin-20,카브리오에이,(주)농협케미컬,살균제,다3,사과,겹무늬썩음병,6월상순부터 10일간격 경엽처리,"3,000배",수확 20일 전까지,5회 이내
60,Pyribencarb-40,판타지스타,(주)농협케미컬,살균제,다3,사과,겹무늬썩음병,6월상순부터 10일간격 경엽처리,"3,000배",수확 14일 전까지,4회 이내
61,Pyribencarb-10Tebuconazole-15,티업시,(주)농협케미컬,살균제,다3+사1,사과,겹무늬썩음병,6월 상순부터 10일간격 경엽처리,"2,000배",수확 21일 전까지,3회 이내
62,Pyraclostrobin-20,더블잽,(주)다보인터내셔널,살균제,다3,사과,겹무늬썩음병,6월상순부터 10일간격 경엽처리,"3,000배",수확 20일 전까지,5회 이내
63,Difenoconazole-10,흑성.갈반뚝,(주)대유,살균제,사1,사과,겹무늬썩음병,6월 중순부터 10일간격 경엽처리,"2,000배",수확 7일 전까지,5회 이내
64,Difenoconazole-10,갈반․탄저․마름뚝,(주)대유,살균제,사1,사과,겹무늬썩음병,6월 중순부터 10일간격 경엽처리,"2,000배",수확 14일 전까지,5회 이내
65,mancozeb-75,다이 젠엔,(주)대유,살균제,카,사과,겹무늬썩음병,6월 상순부터 10일간격 경엽처리,500배,수확 30일 전까지,5회 이내
66,benomyl-50,베노레이트,(주)대유,살균제,나1,사과,겹무늬썩음병,6월 하순부터 9월 상순까지 10일간격 경엽처리,"1,500배",수확 10일 전까지,3회 이내
67,Azoxystrobin-10,탄저.역병뚝,(주)대유,살균제,다3,사과,겹무늬썩음병,6월 중순부터 10일간격 경엽처리,"1,000배",수확 14일 전까지,5회 이내
68,Tebuconazole-25,균어택,(주)대유,살균제,사1,사과,겹무늬썩음병,6월중순부터 10일간격 경엽처리,"1,000배",수확 21일 전까지,3회 이내
69,dithianon-75,델란 ,(주)동방아그로,살균제,카,사과,겹무늬썩음병,6월 상순부터 9월상순까지 10일간격 경엽처리,"1,000배",수확 21일 전까지,5회 이내
70,dithianon-30metconazole-5,리스펙트,(주)동방아그로,살균제,카+사1,사과,겹무늬썩음병,6월상순부터 10일간격 경엽처리,"1,500배",수확 14일 전까지,4회 이내
71,mancozeb-75,동방만코지,(주)동방아그로,살균제,카,사과,겹무늬썩음병,6월 상순부터 10일간격 경엽처리,500배,수확 30일 전까지,5회 이내
72,metconazole-20,살림꾼,(주)동방아그로,살균제,사1,사과,겹무늬썩음병,6월중순부터 10일간격 경엽처리,"3,000배",수확 14일 전까지,5회 이내
73,metconazole-6thiophanate-methyl-50,대몽,(주)동방아그로,살균제,사1+나1,사과,겹무늬썩음병,6월 상순부터 10일간격 경엽처리,"1,000배",수확 14일 전까지,4회 이내
74,Metconazole-8Pyraclostrobin-9,일등탄,(주)동방아그로,살균제,사1+다3,사과,겹무늬썩음병,6월상순부터 10일간격 경엽처리,"2,000배",수확 21일 전까지,3회 이내
75,benomyl-50,동방베노밀,(주)동방아그로,살균제,나1,사과,겹무늬썩음병,6월 하순부터 9월 상순까지 10일간격 경엽처리,"1,500배",수확 10일 전까지,3회 이내
76,cyflufenamid-1.5difenoconazole-10,월계수,(주)동방아그로,살균제,미분류+사1,사과,겹무늬썩음병,6월 중순부터 10일 간격 경엽처리,"2,000배",수확 14일 전까지,5회 이내
77,simeconazole-20,디펜더,(주)동방아그로,살균제,사1,사과,겹무늬썩음병,6월상순부터 10일간격 경엽처리,"2,000배",수확 14일 전까지,4회 이내
78,iminoctadine tris(albesilate)-30,탈렌트,(주)동방아그로,살균제,카,사과,겹무늬썩음병,6월중순부터 10일간격  경엽처리,"1,000배",수확 21일 전까지,5회 이내
79,iminoctadine tris(albesilate)-20thiram-48,참조네,(주)동방아그로,살균제,카+카,사과,겹무늬썩음병,6월 중순부터 10일간격 경엽처리,"1,000배",수확 14일 전까지,5회 이내
80,iminoctadine tris(albesilate)-20thiophanate-methyl-40,신기타,(주)동방아그로,살균제,카+나1,사과,겹무늬썩음병,6월상순부터 10일간격 경엽처리,"1,000배",수확 14일 전까지,4회 이내
81,iminoctadine triacetate-25,베푸란,(주)동방아그로,살균제,카,사과,겹무늬썩음병,6월 중순부터 9월 상순까지 10일간격 경엽처리,"1,000배",수확 30일 전까지,5회 이내
82,iprodione-30trifloxystrobin-8,찬찬,(주)동방아그로,살균제,마3+다3,사과,겹무늬썩음병,6월상순부터 10일간격 경엽처리,"1,000배",수확 14일 전까지,4회 이내
83,carbendazim-60,동방가벤다,(주)동방아그로,살균제,나1,사과,겹무늬썩음병,6월 하순부터 9월 상순까지 10일간격 경엽처리,"1,000배",수확 15일 전까지,3회 이내
84,carbendazim-40kresoxim-methyl-20,탄제로,(주)동방아그로,살균제,나1+다3,사과,겹무늬썩음병,6월중순부터 10일간격 경엽처리,"1,000배",수확 30일 전까지,3회 이내
85,kresoxim-methyl-20metconazole-10,혜성,(주)동방아그로,살균제,다3+사1,사과,겹무늬썩음병,6월 상순부터 10일 간격 경엽처리,"2,000배",수확 14일 전까지,4회 이내
86,Chlorothalonil-25Pyraclostrobin-8,탄저왕,(주)동방아그로,살균제,카+다3,사과,겹무늬썩음병,6월상순부터 10일간격 경엽처리,"1,500배",수확 21일 전까지,3회 이내
87,thiophanate-methyl-45triflumizole-15,굳타임,(주)동방아그로,살균제,나1+사1,사과,겹무늬썩음병,6월상순부터 10일간격 경엽처리,"1,000배",수확 14일 전까지,4회 이내
88,propineb-70,균피아,(주)동방아그로,살균제,카,사과,겹무늬썩음병,6월 상순부터 10일간격 경엽처리,500배,수확 7일 전까지,5회 이내
89,Difenoconazole-5Thiophanate-methyl-35,기트칸,(주)새한농,살균제,사1+나1,사과,겹무늬썩음병,6월중순부터 10일간격 경엽처리,"1,000배",수확 21일 전까지,3회 이내
90,Pyraclostrobin-20,쾌청탄,(주)새한농,살균제,다3,사과,겹무늬썩음병,6월상순부터 10일간격 경엽처리,"3,000배 ",수확 20일 전까지,5회 이내
91,Azoxystrobin-10,균메카,(주)신농팜케미컬,살균제,다3,사과,겹무늬썩음병,6월 중순부터 10일간격 경엽처리,"1,000배",수확 14일 전까지,5회 이내
92,Carbendazim-6Difenoconazole-9,블루칸,(주)신농팜케미컬,살균제,나1+사1,사과,겹무늬썩음병,6월상순부터 10일간격 경엽처리,"2,000배",수확 21일 전까지,4회 이내
93,Tebuconazole-25,균박사,(주)신농팜케미컬,살균제,사1,사과,겹무늬썩음병,6월상순부터 10일간격 경엽처리,"2,000배",수확 30일 전까지,3회 이내
94,Tebuconazole-25,신농팜균박사,(주)신농팜케미컬,살균제,사1,사과,겹무늬썩음병,6월상순부터 10일간격 경엽처리,"2,000배",수확 30일 전까지,3회 이내
95,Fluazinam-50,후론스타,(주)신농팜케미컬,살균제,다5,사과,겹무늬썩음병,6월중순부터 10일간격 경엽처리,"2,000배",수확 45일 전까지,5회 이내
96,Pyraclostrobin-20,골드마스터,(주)신농팜케미컬,살균제,다3,사과,겹무늬썩음병,6월상순부터 10일간격 경엽처리,"3,000배",수확 20일 전까지,5회 이내
97,Pyraclostrobin-20,금탄,(주)신농팜케미컬,살균제,다3,사과,겹무늬썩음병,6월상순부터 10일간격 경엽처리,"3,000배",수확 20일 전까지,5회 이내
98,Mancozeb-75,만시지탄,(주)신영아그로,살균제,카,사과,겹무늬썩음병,6월중순부터 10일간격 경엽처리,500배,수확 30일 전까지,5회 이내
99,Pyraclostrobin-20,가우스,(주)신영아그로,살균제,다3,사과,겹무늬썩음병,6월상순부터 10일간격 경엽처리,"3,000배",수확 20일 전까지,5회 이내
100,Difenoconazole-5thiophanate-methyl-35,닥터코어,(주)오더스,살균제,사1+나1,사과,겹무늬썩음병,6월중순부터 10일간격 경엽처리,"1,000배",수확 21일 전까지,3회 이내
101,Difenoconazole-10,핵탄,(주)유일,살균제,사1,사과,겹무늬썩음병,6월 중순부터 10일간격 경엽처리,"2,000배",수확 7일 전까지,5회 이내
102,benomyl-50,사일런트,(주)유일,살균제,나1,사과,겹무늬썩음병,6월 하순부터 9월 상순까지 10일간격 경엽처리,"1,500배",수확 10일 전까지,3회 이내
103,carbendazim-60,샤크,(주)유일,살균제,나1,사과,겹무늬썩음병,6월 하순부터 9월 상순까지 10일간격 경엽처리,"1,000배",수확 15일 전까지,3회 이내
104,Tebuconazole-25,탄부탄,(주)유일,살균제,사1,사과,겹무늬썩음병,6월중순부터 10일간격 경엽처리,"1,000배",수확 21일 전까지,3회 이내
105,Tebuconazole-17Thiophanate-methyl-10,탄클린,(주)유일,살균제,사1+나1,사과,겹무늬썩음병,6월중순부터 10일간격 경엽처리,"2,000배",수확 14일전,4회 이내
106,Hexaconazole-1.5Tebuconazole-25,더블코나졸,(주)유일,살균제,사1+사1,사과,겹무늬썩음병,6월 상순부터 10일간격  경엽처리,"2,000배",수확 21일 전까지,4회 이내
107,Chlorothalonil-27Tebuconazole-23,리치원,(주)유피엘리미티드코리아,살균제,카+사1,사과,겹무늬썩음병,6월순부터 10일간격 경엽처리,"1,000배",수확 30일 전까지,3회 이내
108,Difenoconazole-10,유틸리티,(주)천지인바이오텍,살균제,사1,사과,겹무늬썩음병,6월중순부터 10일간격 경엽처리,"2,000배",수확 7일 전까지,5회 이내
109,Benomyl-50,베노밀,(주)천지인바이오텍,살균제,나1,사과,겹무늬썩음병,6월 하순부터 9월 상순까지 10일간격 경엽처리,"1,500배",수확 10일 전까지,3회 이내
110,Tebuconazole-25,다빈치,(주)천지인바이오텍,살균제,사1,사과,겹무늬썩음병,6월중순부터 10일간격 경엽처리,"2,000배",수확 30일 전까지,4회 이내
111,Pyraclostrobin-20,사일러스,(주)천지인바이오텍,살균제,다3,사과,겹무늬썩음병,6월상순부터 10일간격 경엽처리,"3,000배",수확 20일 전까지,5회 이내
112,Dithianon-66,디치원,(주)케이씨생명과학,살균제,카,사과,겹무늬썩음병,6월상순부터 10일간격 경엽처리,"1,500배",수확 20일 전까지,4회 이내
113,Difenoconazole-10,팜존,(주)케이씨생명과학,살균제,사1,사과,겹무늬썩음병,6월 중순부터 10일간격 경엽처리,"2,000배",수확 7일 전까지,5회 이내
114,Benomyl-50,하이베노밀,(주)케이씨생명과학,살균제,나1,사과,겹무늬썩음병,6월 하순부터 9월 상순까지 10일간격 경엽처리,"1,500배",수확 10일 전까지,3회 이내
115,Azoxystrobin-10,균메카,(주)케이씨생명과학,살균제,다3,사과,겹무늬썩음병,6월 중순부터 10일간격 경엽처리,"1,000배",수확 14일 전까지,5회 이내
116,carbendazim-6difenoconazole-9,블루칸,(주)케이씨생명과학,살균제,나1+사1,사과,겹무늬썩음병,6월상순부터 10일간격  경엽처리,"2,000배",수확 21일 전까지,4회 이내
117,Captan-50,하이캡탄,(주)케이씨생명과학,살균제,카,사과,겹무늬썩음병,6월상순부터 10일 간격 경엽처리,500배,수확 21일 전까지,4회 이내
118,tebuconazole-25,신농팜균박사,(주)케이씨생명과학,살균제,사1,사과,겹무늬썩음병,6월상순부터 10일간격 경엽처리,"2,000배",수확 30일 전까지,3회 이내
119,Tebuconazole-25,테부칸,(주)케이씨생명과학,살균제,사1,사과,겹무늬썩음병,6월중순부터 10일간격 경엽처리,"1,000배 ",수확 21일 전까지,3회 이내
120,Fluazinam-50,후론스타,(주)케이씨생명과학,살균제,다5,사과,겹무늬썩음병,6월중순부터 10일간격 경엽처리,"2,000배",수확 45일 전까지,5회 이내
121,Pyraclostrobin-20,골드마스터,(주)케이씨생명과학,살균제,다3,사과,겹무늬썩음병,6월상순부터 10일간격 경엽처리,"3,000배",수확 20일 전까지,5회 이내 
122,Tebuconazole-25,포탄수,(주)큐제이바이오케미컬,살균제,사1,사과,겹무늬썩음병,6월상순부터 10일간격 경엽처리,"2,000배",수확 30일 전까지,3회 이내
123,Difenoconazole-10,내비균,(주)태준아그로텍,살균제,사1,사과,겹무늬썩음병,6월 중순부터 10일간격 경엽처리,"2,000배",수확 14일 전까지,5회 이내
124,Difenoconazole-10,내비균,(주)태준아그로텍,살균제,사1,사과,겹무늬썩음병,6월 중순부터 10일간격 경엽처리,"2,000배",수확 14일 전까지,5회 이내
125,Boscalid-13.6Pyraclostrobin-6.8,블랙잭,(주)태준아그로텍,살균제,다2+다3,사과,겹무늬썩음병,6월 상순부터 10일간격 경엽처리,"2,000배",수확 30일전,5회 이내
126,Kresoxim-methyl-47,마루치,(주)태준아그로텍,살균제,다3,사과,겹무늬썩음병,6월상순부터 10일간격 경엽처리,"3,000배",수확 14일 전까지,4회 이내
127,tebuconazole-25,가필드,(주)태준아그로텍,살균제,사1,사과,겹무늬썩음병,6월상순부터 10일간격 경엽처리,"2,000배",수확 30일 전까지,3회 이내
128,Tebuconazole-25,균가이버골드,(주)태준아그로텍,살균제,사1,사과,겹무늬썩음병,6월상순부터 10일간격 경엽처리,"2,000배",수확 30일 전까지,3회 이내
129,Trifloxystrobin-22,트랜디,(주)태준아그로텍,살균제,다3,사과,겹무늬썩음병,6월 중순부터 10일간격 경엽처리,"2,000배",수확 21일전,5회 이내
130,dithianon-75,팜한농디치,(주)팜한농,살균제,카,사과,겹무늬썩음병,6월 상순부터 9월상순까지 10일간격 경엽처리,"1,000배",수확 21일 전까지,5회 이내
131,dithianon-24pyraclostrobin-8,매카니,(주)팜한농,살균제,카+다3,사과,겹무늬썩음병,6월상순부터 10일간격 경엽처리,"2,000배",수확 21일 전까지,4회 이내
132,dithianon-12pyraclostrobin-4,매카니,(주)팜한농,살균제,카+다3,사과,겹무늬썩음병,6월상순부터 10일간격 경엽처리,"1,000배",수확 20일 전까지,5회 이내
133,difenoconazole-10,푸름이,(주)팜한농,살균제,사1,사과,겹무늬썩음병,6월중순부터 10일간격 경엽처리,"2,000배",수확 14일 전까지,5회 이내
134,difenoconazole-7fluazinam-40,바이블,(주)팜한농,살균제,사1+다5,사과,겹무늬썩음병,6월상순부터 10일간격 경엽처리,"2,000배",수확 30일 전까지,4회 이내
135,mandestrobin-40,만데스,(주)팜한농,살균제,다3,사과,겹무늬썩음병,6월 상순부터 10일간격 경엽처리,"2,000배",수확 21일 전까지,4회 이내
136,mancozeb-75,다이센엠45,(주)팜한농,살균제,카,사과,겹무늬썩음병,6월 상순부터 10일간격 경엽처리,500배,수확 30일 전까지,5회 이내
137,benomyl-50,팜한농베노밀,(주)팜한농,살균제,나1,사과,겹무늬썩음병,6월 하순부터 9월 상순까지 10일간격 경엽처리,"1,500배",수확 10일 전까지,3회 이내
138,bitertanol-25,바이코,(주)팜한농,살균제,사1,사과,겹무늬썩음병,6월상순부터 10일간격 경엽처리,"1,000배",수확 21일 전까지,5회 이내
139,cyproconazole-4.5,닥터농,(주)팜한농,살균제,사1,사과,겹무늬썩음병,6월 중순부터 10일간격 경엽처리,"4,000배",수확 40일 전까지,5회 이내
140,azoxystrobin-10,센세이션,(주)팜한농,살균제,다3,사과,겹무늬썩음병,6월 중순부터 10일간격 경엽처리,"1,000배",수확 14일 전까지,5회 이내
141,Azoxystrobin-12Difenoconazole-6,길쌈,(주)팜한농,살균제,다3+사1,사과,겹무늬썩음병,6월 상순부터 10일간격 경엽처리,"2,000배",수확 14일 전까지,4회 이내
142,oxine-copper-50,팜한농옥시동,(주)팜한농,살균제,카,사과,겹무늬썩음병,6월하순부터 9월상순까지 10일 간격 경엽처리,500배,수확 7일 전까지,5회 이내
143,iminoctadine tris(albesilate)-30,부티나,(주)팜한농,살균제,카,사과,겹무늬썩음병,6월중순부터 10일간격 경엽처리,"1,000배",수확 21일 전까지,5회 이내
144,iminoctadine triacetate-25,베푸란,(주)팜한농,살균제,카,사과,겹무늬썩음병,6월 중순부터 9월 상순까지 10일간격 경엽처리,"1,000배",수확 30일 전까지,5회 이내
145,carbendazim-60,팜한농가벤다,(주)팜한농,살균제,나1,사과,겹무늬썩음병,6월 하순부터 9월 상순까지 10일간격 경엽처리,"1,000배",수확 15일 전까지,3회 이내
146,captan-50,팜한농캡탄,(주)팜한농,살균제,카,사과,겹무늬썩음병,6월상순부터 10일간격 경엽처리,500배,수확 21일 전까지,4회 이내
147,Captan-30Tebuconazole-5,나이코,(주)팜한농,살균제,카+사1,사과,겹무늬썩음병,6월중순부터 10일간격 경엽처리,500배,수확 14일 전까지,4회 이내
148,captan-60polyoxin b-5,팜한농포리캡탄,(주)팜한농,살균제,카+아4,사과,겹무늬썩음병,6월 하순부터 9월 상순까지 10일 간격 경엽처리,600배,수확 7일 전까지,5회 이내
149,chlorothalonil-20difenoconazole-4,이지팜,(주)팜한농,살균제,카+사1,사과,겹무늬썩음병,6월중순부터 10일간격 경엽처리,"1,000배",수확 14일 전까지,4회 이내
150,tebuconazole-25,해모수,(주)팜한농,살균제,사1,사과,겹무늬썩음병,6월중순부터 10일간격 경엽처리,"1,000배",수확 21일 전까지,3회 이내
151,tebuconazole-25,호리쿠어,(주)팜한농,살균제,사1,사과,겹무늬썩음병,6월중순부터 10일간격 경엽처리,"2,000배",수확 30일 전까지,3회 이내
152,trifloxystrobin-50,에이플,(주)팜한농,살균제,다3,사과,겹무늬썩음병,6월 중순부터 10일간격 경엽처리,"4,000배",수확 21일 전까지,4회 이내
153,fenbuconazole-12,흥이나,(주)팜한농,살균제,사1,사과,겹무늬썩음병,6월 중순부터 10일간격 경엽처리,"2,000배",수확 7일 전까지,5회 이내
154,propineb-70,팜한농프로피,(주)팜한농,살균제,카,사과,겹무늬썩음병,6월 상순부터 10일간격 경엽처리,500배,수확 7일 전까지,5회 이내
155,flusilazole-1.5kresoxim-methyl-10,귀품,(주)팜한농,살균제,사1+다3,사과,겹무늬썩음병,6월상순부터 10일간격 경엽처리,"1,000배",수확 30일 전까지,3회 이내
156,fluazinam-50,후론사이드,(주)팜한농,살균제,다5,사과,겹무늬썩음병,6월중순부터 10일간격 경엽처리,"2,000배",수확 45일 전까지,5회 이내
157,fluazinam-50,모두랑,(주)팜한농,살균제,다5,사과,겹무늬썩음병,6월중순부터 10일간격 경엽처리,"2,000배",수확 45일 전까지,5회 이내
158,Fluquinconazole-14Tetraconazole-7,질주,(주)팜한농,살균제,사1+사1,사과,겹무늬썩음병,6월상순부터 10일간격 경엽처리,"2,000배",수확 21일 전까지,4회 이내
159,fluquinconazole-14trifloxystrobin-14,듬지칸,(주)팜한농,살균제,사1+다3,사과,겹무늬썩음병,6월상순부터 10일간격 경엽처리,"2,000배",수확 21일 전까지,4회 이내
160,fluxapyroxad-4.6Pyraclostrobin-8.3,미리본,(주)팜한농,살균제,다2+다3,사과,겹무늬썩음병,6월상순부터 10일간격 경엽처리,"2,000배",수확 21일 전까지,4회 이내
161,Hexaconazole-1Pyraclostrobin-10,헤드라인,(주)팜한농,살균제,사1+다3,사과,겹무늬썩음병,6월 상순부터 10일간격 경엽처리," 2,000배 ",수확 7일전,3회 이내
162,Benomyl-50,베노밀,(주)하나바이오,살균제,나1,사과,겹무늬썩음병,6월 하순부터 9월 상순까지 10일간격 경엽처리,"1,500배",수확 10일 전까지,3회 이내
163,Dithianon-75,아우라 ,(주)한얼싸이언스,살균제,카,사과,겹무늬썩음병,6월상순부터 9월상순까지 10일간격 경엽처리,"1,000배",수확 21일 전까지,5회 이내
164,difenoconazole-5,푸리온,(주)한얼싸이언스,살균제,사1,사과,겹무늬썩음병,6월중순부터 10일간격 경엽처리,"1,000배",수확 14일 전까지,5회 이내
165,Difenoconazole-10,푸리온,(주)한얼싸이언스,살균제,사1,사과,겹무늬썩음병,6월 중순부터 10일간격 경엽처리,"2,000배",수확 7일 전까지,5회 이내
166,Difenoconazole-5Thiophanate-methyl-35,케이원,(주)한얼싸이언스,살균제,사1+나1,사과,겹무늬썩음병,6월 상순부터 10일간격 경엽처리,"1,000배",수확 21일전,3회 이내
167,Metconazole-20,디렉터,(주)한얼싸이언스,살균제,사1,사과,겹무늬썩음병,6월상순부터 10일간격 경엽처리,"3,000배",수확 14일전,5회 이내
168,Benomyl-50,베노밀,(주)한얼싸이언스,살균제,나1,사과,겹무늬썩음병,6월 하순부터 9월 상순까지 10일간격 경엽처리,"1,500배",수확 10일 전까지,3회 이내
169,Azoxystrobin-10,아티스트,(주)한얼싸이언스,살균제,다3,사과,겹무늬썩음병,6월 중순부터 10일간격 경엽처리,"1,000배",수확 14일 전까지,5회 이내
170,Carbendazim-60,가벤다,(주)한얼싸이언스,살균제,나1,사과,겹무늬썩음병,6월 하순부터 9월 상순까지 10일간격 경엽처리,"1,000배",수확 15일 전까지,3회 이내
171,Carbendazim-40Kresoxim-methyl-20,탄제로,(주)한얼싸이언스,살균제,나1+다3,사과,겹무늬썩음병,6월중순부터 10일간격  경엽처리,"1,000배",수확 30일전,3회 이내
172,Kresoxim-methyl-20Triflumizole-15,드림하트,(주)한얼싸이언스,살균제,다3+사1,사과,겹무늬썩음병,6월 상순부터 10일간격 경엽처리,"2,000배",수확 14일전,4회 이내
173,chlorothalonil-20dithianon-15,탄저도사,(주)한얼싸이언스,살균제,카+카,사과,겹무늬썩음병,6월상순부터 10일간격 경엽처리,"1,000배",수확 21일 전까지,3회 이내
174,Tebuconazole-25,탄스타,(주)한얼싸이언스,살균제,사1,사과,겹무늬썩음병,6월중순부터 10일간격 경엽처리,"1,000배",수확 21일 전까지,3회 이내
175,tebuconazole-25,밀리언,(주)한얼싸이언스,살균제,사1,사과,겹무늬썩음병,6월중순부터 10일간격 경엽처리,"2,000배",수확 30일 전까지,4회 이내
176,Fenbuconazole-6,바톤,(주)한얼싸이언스,살균제,사1,사과,겹무늬썩음병,6월중순부터 10일 간격 경엽처리,"1,000배",수확 14일 전까지,5회 이내
177,Propineb-70,어바우트,(주)한얼싸이언스,살균제,카,사과,겹무늬썩음병,6월 상순부터 10일간격 경엽처리,500배,수확 7일 전까지,5회 이내
178,Propineb-70,어바우트,(주)한얼싸이언스,살균제,카,사과,겹무늬썩음병,6월 상순부터 10일간격 경엽처리,500배,수확 7일 전까지,5회 이내
179,Propineb-60Pyraclostrobin-5,탄젠트,(주)한얼싸이언스,살균제,카+다3,사과,겹무늬썩음병,6월 상순부터 10일간격 경엽처리,"1,000배",수확 21일전,3회 이내
180,Fluazinam-50,원티드,(주)한얼싸이언스,살균제,다5,사과,겹무늬썩음병,6월중순부터 10일간격 경엽처리,"2,000배",수확 45일 전까지,5회 이내
181,Fluazinam-50,루비콘 ,(주)한얼싸이언스,살균제,다5,사과,겹무늬썩음병,6월중순부터 10일간격 경엽처리,"2,000배",수확 45일 전까지,5회 이내
182,Fluazinam-8propineb-42,낙화엔골드,(주)한얼싸이언스,살균제,다5+카,사과,겹무늬썩음병,6월 상순부터 10일간격 경엽처리,500배,수확 21일 전까지,3회 이내
183,Pyraclostrobin-20,피라미드,(주)한얼싸이언스,살균제,다3,사과,겹무늬썩음병,6월상순부터 10일간격 경엽처리,"3,000배",수확 20일 전까지,5회 이내
184,Pyraclostrobin-20,피라미드,(주)한얼싸이언스,살균제,다3,사과,겹무늬썩음병,6월 상순부터 10일간격 경엽처리,"3,000배",수확 20일 전까지,5회 이내
185,fluazinam-50,프로파티,ISK바이오사이언스 코리아(주),살균제,다5,사과,겹무늬썩음병,6월중순부터 10일간격 경엽처리,"2,000배",수확 45일 전까지,5회 이내
186,Difenoconazole-10,내비균,미래아그로,살균제,사1,사과,겹무늬썩음병,6월 중순부터 10일간격 경엽처리,"2,000배",수확 14일 전까지,5회 이내
187,Tebuconazole-25,균가이버골드,미래아그로,살균제,사1,사과,겹무늬썩음병,6월상순부터 10일간격 경엽처리,"2,000배",수확 30일 전까지,3회 이내
188,tebuconazole-25,실바코,바이엘크롭사이언스(주),살균제,사1,사과,겹무늬썩음병,6월중순부터 10일간격 경엽처리,"1,000배",수확 21일 전까지,3회 이내
189,tebuconazole-20,실바코플러스,바이엘크롭사이언스(주),살균제,사1,사과,겹무늬썩음병,6월중순부터 10일간격 경엽처리,"2,000배",수확 30일 전까지,3회 이내
190,tebuconazole-25,바이칼,바이엘크롭사이언스(주),살균제,사1,사과,겹무늬썩음병,6월중순부터 10일간격 경엽처리,"2,000배",수확 21일 전까지,4회 이내
191,tebuconazole-25,실바코,바이엘크롭사이언스(주),살균제,사1,사과,겹무늬썩음병,6월중순부터 10일간격 경엽처리,"1,000배",수확 30일 전까지,4회 이내
192,tebuconazole-20trifloxystrobin-10,나티보,바이엘크롭사이언스(주),살균제,사1+다3,사과,겹무늬썩음병,6월중순부터 10일간격 경엽처리,"2,000배",수확 30일 전까지,5회 이내
193,trifloxystrobin-22,프린트,바이엘크롭사이언스(주),살균제,다3,사과,겹무늬썩음병,6월중순부터 10일간격 경엽처리,"2,000배",수확 21일 전까지,5회 이내
194,propineb-70,안트라콜,바이엘크롭사이언스(주),살균제,카,사과,겹무늬썩음병,6월 상순부터 10일간격 경엽처리,500배,수확 7일 전까지,5회 이내
195,Difenoconazole-10,균가네,선문그린사이언스(주),살균제,사1,사과,겹무늬썩음병,6월 중순부터 10일간격 경엽처리,"2,000배",수확 7일 전까지,5회 이내
196,difenoconazole-5,균가네,선문그린사이언스(주),살균제,사1,사과,겹무늬썩음병,6월 상순부터 10일간격 경엽처리,"1,000배",수확 30일 전까지,5회 이내
197,Mancozeb-75,선문만코지,선문그린사이언스(주),살균제,카,사과,겹무늬썩음병,6월 상순부터 10일간격 경엽처리,500배,수확 30일 전까지,5회 이내
198,Benomyl-50,선문베노밀,선문그린사이언스(주),살균제,나1,사과,겹무늬썩음병,6월 하순부터 9월 상순까지 10일간격 경엽처리,"1,500배",수확 10일 전까지,3회 이내
199,iminoctadine triacetate-25,탄부란,선문그린사이언스(주),살균제,카,사과,겹무늬썩음병,6월 중순부터 9월 상순까지 10일간격 경엽처리,"1,000배",수확 30일 전까지,5회 이내
200,carbendazim-60,월드천,선문그린사이언스(주),살균제,나1,사과,겹무늬썩음병,6월 하순부터 9월 상순까지 10일간격 경엽처리,"1,000배",수확 15일 전까지,3회 이내
201,Tebuconazole-25,씰빠꼬뿔,선문그린사이언스(주),살균제,사1,사과,겹무늬썩음병,6월중순부터 10일간격 경엽처리,"1,000배",수확 21일 전까지,3회 이내
202,Pyraclostrobin-8Fluazinam-36,피라플루,선문그린사이언스(주),살균제,다3+다5,사과,겹무늬썩음병,6월 상순부터 10일간격 경엽처리,"2,000배",수확 30일 전까지,3회 이내
203,Difenoconazole-4Dithianon-30,그랑프리,성보화학(주),살균제,사1+카,사과,겹무늬썩음병,6월상순부터 10일간격 경엽처리,"2,000배",수확 14일 전까지,4회 이내
204,mancozeb-75,성보만코지,성보화학(주),살균제,카,사과,겹무늬썩음병,6월 상순부터 10일간격 경엽처리,500배,수확 30일 전까지,5회 이내
205,Boscalid-18.2Kresoxim-methyl-9.1,코리스,성보화학(주),살균제,다2+다3,사과,겹무늬썩음병,6월 중순부터 10일간격 경엽처리,"2,500배",수확 30일 전까지,5회 이내
206,Boscalid-18.2Kresoxim-methyl-9.1,코리스,성보화학(주),살균제,다2+다3,사과,겹무늬썩음병,6월 중순부터 10일간격 경엽처리,"2,500배",수확 30일 전까지,5회 이내
207,carbendazim-60,성보가벤다,성보화학(주),살균제,나1,사과,겹무늬썩음병,6월 하순부터 9월 상순까지 10일간격 경엽처리,"1,000배",수확 15일 전까지,3회 이내
208,kresoxim-methyl-50,해비치,성보화학(주),살균제,다3,사과,겹무늬썩음병,6월중순부터 10일간격 경엽처리,"3,000배",수확 14일 전까지,4회 이내
209,chlorothalonil-31pyrimethanil-12.4,탐실,성보화학(주),살균제,카+라1,사과,겹무늬썩음병,6월중순부터 10일간격 경엽처리,"1,000배",수확 14일 전까지,4회 이내
210,propineb-70,성보네,성보화학(주),살균제,카,사과,겹무늬썩음병,6월 상순부터 10일간격 경엽처리,500배,수확 7일 전까지,5회 이내
211,fluquinconazole-25,카스텔란,성보화학(주),살균제,사1,사과,겹무늬썩음병,6월 중순부터 10일간격 경엽처리,"1,000배",수확 30일 전까지,5회 이내
212,fluquinconazole-5prochloraz manganese complex-25,성보탄저박사,성보화학(주),살균제,사1+사1,사과,겹무늬썩음병,6월중순부터 10일간격 경엽처리,"1,000배",수확 30일 전까지,4회 이내
213,Flutriafol-40,애니탄,성보화학(주),살균제,사1,사과,겹무늬썩음병,6월 상순부터 10일간격 경엽처리,"4,000배",수확 14일 전까지,3회 이내
214,Pyraclostrobin-9Tebuconazole-9,포르투나,성보화학(주),살균제,다3+사1,사과,겹무늬썩음병,6월 상순부터 10일간격 경엽처리,"2,000배",수확 21일 전까지,3회 이내
215,pyribencarb-20,선두주자,성보화학(주),살균제,다3,사과,겹무늬썩음병,6월 상순부터 10일간격 경엽처리,"2,000배",수확 14일 전까지,3회 이내
216,difenoconazole-10,밀고,신젠타코리아(주),살균제,사1,사과,겹무늬썩음병,6월 중순부터 10일간격 경엽처리,"2,000배",수확 7일 전까지,5회 이내
217,difenoconazole-10,보가드,신젠타코리아(주),살균제,사1,사과,겹무늬썩음병,6월 중순부터 10일간격 경엽처리,"2,000배",수확 14일 전까지,5회 이내
218,benomyl-50,벤레이트,신젠타코리아(주),살균제,나1,사과,겹무늬썩음병,6월 하순부터 9월 상순까지 10일간격 경엽처리,"1,500배",수확 10일 전까지,3회 이내
219,cyproconazole-4.5,아테미,신젠타코리아(주),살균제,사1,사과,겹무늬썩음병,6월 중순부터 10일간격 경엽처리,"4,000배",수확 40일 전까지,5회 이내
220,acibenzolar-s-methyl-1.75dithianon-30,아로빈,신젠타코리아(주),살균제,차1+카,사과,겹무늬썩음병,6월상순부터 10간격 경엽처리,"1,000배",수확 21일 전까지,4회 이내
221,acibenzolar-s-methyl-1.42chlorothalonil-44.5,아리미소진,신젠타코리아(주),살균제,차1+카,사과,겹무늬썩음병,6월상순부터 10일간격 경엽처리,"1,000배",수확 21일 전까지,3회 이내
222,azoxystrobin-10,아미스타,신젠타코리아(주),살균제,다3,사과,겹무늬썩음병,6월 중순부터 10일간격 경엽처리,"1,000배",수확 14일 전까지,5회 이내
223,thiabendazole-42,미라지,신젠타코리아(주),살균제,나1,사과,겹무늬썩음병,6월중순부터 10일간격 경엽처리,"1,000배",수확 14일 전까지,3회 이내
224,Dithianon-43,미듬탄,아그리젠토(주),살균제,카,사과,겹무늬썩음병,"6월중순부터 10일간격, 경엽처리","1,000배",수확 28일 전까지,4회 이내
225,Difenoconazole-10,젠토왕,아그리젠토(주),살균제,사1,사과,겹무늬썩음병,6월 중순부터 10일간격 경엽처리,"2,000배",수확 7일 전까지,5회 이내
226,Difenoconazole-10,캐취존,아그리젠토(주),살균제,사1,사과,겹무늬썩음병,6월 중순부터 10일간격 경엽처리,"2,000배",수확 14일 전까지,5회 이내
227,Azoxystrobin-10,아미트라,아그리젠토(주),살균제,다3,사과,겹무늬썩음병,6월 중순부터 10일간격 경엽처리,"1,000배",수확 14일 전까지,5회 이내
228,Iminoctadine triacetate-25,골드라인,아그리젠토(주),살균제,카,사과,겹무늬썩음병,6월 중순부터 9월 상순까지 10일간격 경엽처리,"1,000배",수확 30일 전까지,5회 이내
229,Tebuconazole-25,실크로드,아그리젠토(주),살균제,사1,사과,겹무늬썩음병,6월중순부터 10일간격 경엽처리,"1,000배",수확 21일 전까지,3회 이내
230,Propineb-70,프로랭스,아그리젠토(주),살균제,카,사과,겹무늬썩음병,6월 상순부터 10일간격 경엽처리,500배,수확 7일 전까지,5회 이내
231,Fluazinam-50,젠토후론트,아그리젠토(주),살균제,다5,사과,겹무늬썩음병,6월중순부터 10일간격 경엽처리,"2,000배",수확 45일 전까지,5회 이내
232,Captan-80,머판,아다마코리아(주),살균제,카,사과,겹무늬썩음병,6월상순부터 10일간격 경엽처리,"1,000배",수확 21일 전까지,4회 이내
233,Tebuconazole-25,오리우스,아다마코리아(주),살균제,사1,사과,겹무늬썩음병,6월중순부터 10일간격 경엽처리,"2,000배",수확 21일 전까지,4회 이내
234,Fluazinam-50,언더힐,아진케미칼(주),살균제,다5,사과,겹무늬썩음병,6월중순부터 10일간격 경엽처리,"2,000배",수확 45일 전까지,5회 이내
235,Pyraclostrobin-20,바빌론,에이치바이오텍,살균제,다3,사과,겹무늬썩음병,6월상순부터 10일간격 경엽처리,"3,000배",수확 20일 전까지,5회 이내
236,Difenoconazole-10,다이안켓,위즈팜,살균제,사1,사과,겹무늬썩음병,6월중순부터 10일간격 경엽처리,"2,000배",수확 14일 전까지,5회 이내
237,Pyraclostrobin-20,블루썬더,위즈팜,살균제,다3,사과,겹무늬썩음병,6월상순부터 10일간격 경엽처리,"3,000배",수확 20일 전까지,5회 이내
238,benomyl-50,유원베노밀,유원에코사이언스(주),살균제,나1,사과,겹무늬썩음병,6월 하순부터 9월 상순까지 10일간격 경엽처리,"1,500배",수확 10일 전까지,3회 이내
239,Carbendazim-60,카벤디온,유원에코사이언스(주),살균제,나1,사과,겹무늬썩음병,6월 하순부터 9월 상순까지 10일간격 경엽처리,"1,000배",수확 15일 전까지,3회 이내
240,Captan-50,부패왕,유원에코사이언스(주),살균제,카,사과,겹무늬썩음병,6월상순부터 10일 간격 경엽처리,500배,수확 21일 전까지,4회 이내
241,Difenoconazole-10,푸른탄,인바이오(주),살균제,사1,사과,겹무늬썩음병,6월 중순부터 10일간격 경엽처리,"2,000배",수확 7일 전까지,5회 이내
242,difenoconazole-10,로티플,인바이오(주),살균제,사1,사과,겹무늬썩음병,6월중순부터 10일간격 경엽처리,"2,000배",수확 14일 전까지,5회 이내
243,Difenoconazole-10,푸른탄,인바이오(주),살균제,사1,사과,겹무늬썩음병,6월 중순부터 10일간격 경엽처리,"2,000배",수확 14일 전까지,5회 이내
244,difenoconazole-5thiophanate-methyl-35,처방사,인바이오(주),살균제,사1+나1,사과,겹무늬썩음병,6월중순부터 10일간격 경엽처리,"1,000배",수확 21일 전까지,3회 이내
245,benomyl-50,임팩트,인바이오(주),살균제,나1,사과,겹무늬썩음병,6월 하순부터 9월 상순까지 10일간격 경엽처리,"1,500배",수확 10일 전까지,3회 이내
246,bitertanol-25,리버티,인바이오(주),살균제,사1,사과,겹무늬썩음병,6월상순부터 10일간격 경엽처리,"1,000배",수확 21일 전까지,5회 이내
247,oxine-copper-50,이비엠옥동이,인바이오(주),살균제,카,사과,겹무늬썩음병,6월하순부터 9월상순까지 10일 간격 경엽처리,500배,수확 7일 전까지,5회 이내
248,iminoctadine triacetate-25,듀팩,인바이오(주),살균제,카,사과,겹무늬썩음병,6월 중순부터 9월 상순까지 10일간격 경엽처리,"1,000배",수확 30일 전까지,5회 이내
249,carbendazim-60,가벤다,인바이오(주),살균제,나1,사과,겹무늬썩음병,6월 하순부터 9월 상순까지 10일간격 경엽처리,"1,000배",수확 15일 전까지,3회 이내
250,tebuconazole-25,우대포,인바이오(주),살균제,사1,사과,겹무늬썩음병,6월상순부터 10일간격 경엽처리,"2,000배 ",수확 30일 전까지,3회 이내
251,Tebuconazole-25,탄보험,인바이오(주),살균제,사1,사과,겹무늬썩음병,6월중순부터 10일간격 경엽처리,"1,000배",수확 21일 전까지,3회 이내
252,tebuconazole-25,버전업,인바이오(주),살균제,사1,사과,겹무늬썩음병,6월중순부터 10일간격 경엽처리,"2,000배",수확 30일 전까지,4회 이내
253,Trifloxystrobin-25,퍼펙쉴드,인바이오(주),살균제,다3,사과,겹무늬썩음병,6월 상순부터 10일간격  경엽처리,"2,000배",수확 21일 전까지,3회 이내
254,fenbuconazole-7kresoxim-methyl-20,이비엠볼트,인바이오(주),살균제,사1+다3,사과,겹무늬썩음병,6월중순부터 10일간격 경엽처리,"2,000배",수확 21일 전까지,5회 이내
255,Fluazinam-50,후론골드,인바이오(주),살균제,다5,사과,겹무늬썩음병,6월중순부터 10일간격 경엽처리,"2,000배",수확 45일 전까지,5회 이내
256,Fluazinam-50,후론골드,인바이오(주),살균제,다5,사과,겹무늬썩음병,6월중순부터 10일간격 경엽처리,"2,000배",수확 45일 전까지,5회 이내
257,Fluazinam-40Trifloxystrobin-20,균에센,인바이오(주),살균제,다5+다3,사과,겹무늬썩음병,6월상순부터 10일간격 경엽처리,"2,000배",수확 30일 전까지,3회 이내
258,Pyraclostrobin-20,골든밸런스,인바이오(주),살균제,다3,사과,겹무늬썩음병,6월상순부터 10일간격 경엽처리,"3,000배",수확 20일 전까지,5회 이내
259,Hexaconazole-5,래피들리,인바이오(주),살균제,사1,사과,겹무늬썩음병,6월 중순부터 10일간격 수관처리,"2,500배",수확 21일 전까지,3회 이내
260,Dithianon-75,보양진,㈜이엑스아이디,살균제,카,사과,겹무늬썩음병,6월상순부터 9월상순까지 10일격 경엽처리,"1,000배",수확 21일 전까지,5회 이내
261,Difenoconazole-10,매직덴트,㈜이엑스아이디,살균제,사1,사과,겹무늬썩음병,6월중순부터 10일간격 경엽처리,"2,000배",수확 14일 전까지,5회 이내
262,Tebuconazole-25,안심카드,㈜이엑스아이디,살균제,사1,사과,겹무늬썩음병,6월중순부터 10일간격 경엽처리,"2,000배",수확 30일 전까지,4회 이내
263,Pyraclostrobin-20,흥행탄,㈜이엑스아이디,살균제,다3,사과,겹무늬썩음병,6월상순부터 10일간격 경엽처리,"3,000배",수확 20일 전까지,5회 이내
264,Difenoconazole-10,아이템,지넥스(주),살균제,사1,사과,겹무늬썩음병,6월중순부터 10일간격 경엽처리,"2,000배",수확 14일 전까지,5회 이내
265,Difenoconazole-5Thiophanate-methyl-35,옹골진,지넥스(주),살균제,사1+나1,사과,겹무늬썩음병,6월중순부터 10일간격 경엽처리,"1,000배",수확 21일 전까지,3회 이내
266,Azoxystrobin-10,두루두루,지넥스(주),살균제,다3,사과,겹무늬썩음병,6월 중순부터 10일간격 경엽처리,"1,000배",수확 14일 전까지,5회 이내
267,Tebuconazole-25,구급탄,지넥스(주),살균제,사1,사과,겹무늬썩음병,6월중순부터 10일간격 경엽처리,"2,000배",수확 30일 전까지,4회 이내
268,Fluazinam-50,큰살림,지넥스(주),살균제,다5,사과,겹무늬썩음병,6월중순부터 10일간격 경엽처리,"2,000배",수확 45일 전까지,5회 이내
269,Pyraclostrobin-20,래이피어,지넥스(주),살균제,다3,사과,겹무늬썩음병,6월상순부터 10일간격 경엽처리,"3,000배",수확 20일 전까지,5회 이내
270,Tebuconazole-25,티메이드,티아그로,살균제,사1,사과,겹무늬썩음병,6월중순부터 10일간격 경엽처리,"1,000배",수확 21일 전까지,3회 이내
271,Pyraclostrobin-20,빅쇼,티아그로,살균제,다3,사과,겹무늬썩음병,6월상순부터 10일간격 경엽처리,"3,000배",수확 20일 전까지,5회 이내
272,Tebuconazole-25,마꼬잡꼬,팜아그로텍(주),살균제,사1,사과,겹무늬썩음병,6월중순부터 11일간격 경엽처리,"1,000배",수확 21일 전까지,3회 이내
273,Fluazinam-50,디펜솔,팜아그로텍(주),살균제,다5,사과,겹무늬썩음병,6월중순부터 10일간격 경엽처리,"2,000배",수확 45일 전까지,5회 이내
274,Captan-80,머판,한국마간(주),살균제,카,사과,겹무늬썩음병,6월상순부터 10일간격 경엽처리,"1,000배",수확 21일 전까지,4회 이내
275,tebuconazole-25,오리우스,한국마간(주),살균제,사1,사과,겹무늬썩음병,6월중순부터 10일간격 경엽처리,"2,000배",수확 21일 전까지,4회 이내
276,dithianon-66,델란,한국바스프(주),살균제,카,사과,겹무늬썩음병,6월중순부터 10일간격 경엽처리,"1,500배",수확 20일 전까지,4회 이내
277,dithianon-12pyraclostrobin-4,매카니,한국바스프(주),살균제,카+다3,사과,겹무늬썩음병,6월상순부터 10일간격 경엽처리,"1,000배",수확 20일 전까지,5회 이내
278,boscalid-18.2kresoxim-methyl-9.1,코리스,한국바스프(주),살균제,다2+다3,사과,겹무늬썩음병,6월 중순부터 10일간격 경엽처리,"2,500배",수확 30일 전까지,5회 이내
279,boscalid-13.6pyraclostrobin-6.8,벨리스플러스,한국바스프(주),살균제,다2+다3,사과,겹무늬썩음병,6월중순부터 10일간격 경엽처리,"2,000배",수확 30일 전까지,5회 이내
280,pyraclostrobin-20,카브리오에이,한국바스프(주),살균제,다3,사과,겹무늬썩음병,6월상순부터 10일간격 경엽처리,"3,000배",수확 20일 전까지,5회 이내
281,dithianon-75,델란,한국삼공(주),살균제,카,사과,겹무늬썩음병,6월상순부터 9월상순까지 10일간격 경엽처리,"1,000배",수확 21일 전까지,5회 이내
282,dithianon-66,델란,한국삼공(주),살균제,카,사과,겹무늬썩음병,6월중순부터 10일간격 경엽처리,"1,500배",수확 20일 전까지,4회 이내
283,dithianon-30thiophanate-methyl-40,델란티,한국삼공(주),살균제,카+나1,사과,겹무늬썩음병,6월 중순부터 10일간격 경엽처리,"1,000배",수확 20일 전까지,5회 이내
284,Difenoconazole-6pyribencarb-10,차단,한국삼공(주),살균제,사1+다3,사과,겹무늬썩음병,6월 상순부터 10일간격 경엽처리,"2,000배  ",수확 21일 전까지,4회 이내
285,mancozeb-75,탄자비,한국삼공(주),살균제,카,사과,겹무늬썩음병,6월 상순부터 10일간격 경엽처리,500배,수확 30일 전까지,5회 이내
286,benomyl-50,삼공베노밀,한국삼공(주),살균제,나1,사과,겹무늬썩음병,6월 하순부터 9월 상순까지 10일간격 경엽처리,"1,500배",수확 10일 전까지,3회 이내
287,azoxystrobin-10,나타나,한국삼공(주),살균제,다3,사과,겹무늬썩음병,6월 중순부터 10일간격 경엽처리,"1,000배",수확 14일 전까지,5회 이내
288,iminoctadine triacetate-25,만병탄,한국삼공(주),살균제,카,사과,겹무늬썩음병,6월 중순부터 9월 상순까지 10일간격 경엽처리,"1,000배",수확 30일 전까지,5회 이내
289,carbendazim-60,삼공가벤다,한국삼공(주),살균제,나1,사과,겹무늬썩음병,6월 하순부터 9월 상순까지 10일간격 경엽처리,"1,000배",수확 15일 전까지,3회 이내
290,captan-50,삼공캪탄,한국삼공(주),살균제,카,사과,겹무늬썩음병,6월 상순부터 10일간격 경엽처리,500배,수확 21일 전까지,4회 이내
291,folpet-50,삼공홀펫,한국삼공(주),살균제,카,사과,겹무늬썩음병,6월 하순부터 9월 상순까지 10일간격 경엽처리,500배,수확 10일 전까지,5회 이내
292,Prochloraz manganese-50,스포르곤,한국삼공(주),살균제,사1,사과,겹무늬썩음병,6월중순부터 10일간격 경엽처리,"2,000배",수확 21일 전까지,4회 이내
293,prochloraz manganese complex-25tebuconazole-15,사천왕,한국삼공(주),살균제,사1+사1,사과,겹무늬썩음병,6월중순부터 10일간격 경엽처리,"2,000배",수확 21일 전까지,4회 이내
294,pyraclostrobin-11,프로키온,한국삼공(주),살균제,다3,사과,겹무늬썩음병,6월 상순부터 10일간격 경엽처리,"2,000배",수확 14일 전까지,3회 이내
295,hexaconazole-5,푸지매,한국삼공(주),살균제,사1,사과,겹무늬썩음병,6월 중순부터 10일간격 수관처리,"2,500배",수확 21일 전까지,3회 이내
